SK_ID_CURR,TARGET,OWN_CAR_AGE,FLAG_WORK_PHONE,REGION_RATING_CLIENT_W_CITY,REG_CITY_NOT_LIVE_CITY,EXT_SOURCE_1,EXT_SOURCE_2,EXT_SOURCE_3,FLOORSMAX_AVG,DEF_30_CNT_SOCIAL_CIRCLE,FLAG_DOCUMENT_3,FLAG_DOCUMENT_5,FLAG_DOCUMENT_8,CA_ACTIVE,CT_LOAN FOR BUSINESS DEVELOPMENT,CT_MICROLOAN,CT_MORTGAGE,PCB_MONTHS_BALANCE_MIN,NAME_CONTRACT_TYPE_Cash loans,CODE_GENDER_F,CODE_GENDER_M,FLAG_OWN_CAR_N,NAME_INCOME_TYPE_Pensioner,NAME_INCOME_TYPE_State servant,NAME_INCOME_TYPE_Working,NAME_EDUCATION_TYPE_Higher education,NAME_EDUCATION_TYPE_Secondary / secondary special,NAME_FAMILY_STATUS_Civil marriage,NAME_FAMILY_STATUS_Married,NAME_FAMILY_STATUS_Separated,NAME_HOUSING_TYPE_House / apartment,OCCUPATION_TYPE_Cleaning staff,OCCUPATION_TYPE_Core staff,OCCUPATION_TYPE_Laborers,OCCUPATION_TYPE_Sales staff,WEEKDAY_APPR_PROCESS_START_SUNDAY,ORGANIZATION_TYPE_Business Entity Type 3,ORGANIZATION_TYPE_Construction,ORGANIZATION_TYPE_Industry: type 4,ORGANIZATION_TYPE_Industry: type 9,ORGANIZATION_TYPE_Self-employed,ORGANIZATION_TYPE_Services,ORGANIZATION_TYPE_Trade: type 7,ORGANIZATION_TYPE_Transport: type 3,FONDKAPREMONT_MODE_reg oper spec account,HOUSETYPE_MODE_terraced house,WALLSMATERIAL_MODE_Panel,"WALLSMATERIAL_MODE_Stone, brick",BUREAU_AMT_CREDIT_MAX_OVERDUE_MAX_log,BUREAU_AMT_CREDIT_SUM_OVERDUE_MEAN_log,PCB_MONTHS_BALANCE_COUNT_log,AMT_ANNUITY_log,CCB_AMT_DRAWINGS_ATM_CURRENT_SUM_log,PA_CNT_PAYMENT_SUM_log,CCB_CNT_DRAWINGS_CURRENT_SUM_log,PCB_SK_DPD_MAX_log,AMT_GOODS_PRICE_log,PA_AMT_DOWN_PAYMENT_SUM_log,INST_NUM_INSTALMENT_NUMBER_MAX_log,BUREAU_YEARS_CREDIT_MEAN_log,PCB_SK_DPD_DEF_MAX_log,YEARS_BIRTH_log,CCB_AMT_CREDIT_LIMIT_ACTUAL_SUM_log,BUREAU_AMT_CREDIT_SUM_SUM_log,INST_AMT_PAYMENT_SUM_log
1.225844145166974,1,0.0017627745443115,1,1.918699135449808,0,-3.133175508769928,0.3590787394957937,-0.0305666259442303,-0.0016890967512681,-0.3179763098324828,1,0,0,-0.0092016996137344,-0.0006581853192797,0.0051172634028046,-0.0064638430325724,0.1632585491433761,1.0,0.0,1.0,1.0,0.0,0.0,1.0,0.0,1.0,0.0,0.0,0.0,1.0,0.0,0.0,1.0,0.0,0.0,0.0,0.0,0.0,0.0,1.0,0.0,0.0,0.0,0.0,0.0,0.0,0.0,0.7865551292879382,2.3718581219580828,-0.109646297462563,0.2697103546061408,0.3483378851882212,-0.7402092349303226,0.3251564097313165,-0.4193643951262656,0.0694016683401864,0.6820016621461561,-0.2925856234135737,0.2046924207040189,-0.3119103220751362,-1.3985583426823291,0.207026812626701,0.5147821959402057,-0.6036067269882276
-0.9529122346387024,1,0.0017627745443115,0,-0.0642775323814536,0,-0.008409908683631,-1.7068676008781,-0.0305666259442303,-0.0016890967512681,-0.3179763098324828,0,0,0,-0.0092016996137344,-0.0006581853192797,0.0051172634028046,-0.0064638430325724,0.6544419817936625,1.0,1.0,0.0,1.0,1.0,0.0,0.0,0.0,1.0,0.0,1.0,0.0,1.0,0.0,0.0,0.0,0.0,0.0,0.0,0.0,0.0,0.0,0.0,0.0,0.0,0.0,0.0,0.0,0.0,0.0,0.7865551292879382,2.3718581219580828,1.2537927711626011,1.0643236892194097,0.6763874050858655,2.223682396339499,0.7076701179635886,1.4024851785936396,2.116280878526113,0.562008602647753,0.6945649239135049,0.2046924207040189,3.951144916515971,1.323797050436618,-0.2318453000073478,0.5147821959402057,1.3266451867888265
0.7598106644511755,1,-0.8651296177836907,1,-2.0472542002127154,0,-0.008409908683631,0.6493140339685991,-1.1006854551882703,-0.5816914546167173,-0.3179763098324828,1,0,0,-0.0434324495616297,-0.070159921443868,-0.0735220720873049,-0.2494717179110404,-1.345376279711075,1.0,1.0,0.0,0.0,0.0,1.0,0.0,0.0,1.0,0.0,1.0,0.0,0.0,0.0,0.0,0.0,0.0,0.0,0.0,0.0,0.0,0.0,0.0,0.0,0.0,0.0,1.0,0.0,0.0,1.0,0.6115911989250722,-0.4228687958224076,1.4912789998494012,0.8654754403591205,0.3483378851882212,1.328734481383273,0.3251564097313165,-0.4193643951262656,1.364683337865217,0.6861018597507477,0.5511868774963049,-0.1976731459688257,-0.3119103220751362,0.1765714238714491,0.207026812626701,0.4358601934693807,1.5893750863302252
-1.0371689088163358,1,0.0017627745443115,1,-2.0472542002127154,0,-0.008409908683631,0.6731777004971781,0.5006888223507775,-0.7199218989128763,-0.3179763098324828,0,0,1,-0.647268195328577,-0.070159921443868,-0.0735220720873049,-0.2494717179110404,0.7596955745044383,1.0,0.0,1.0,1.0,0.0,0.0,1.0,0.0,1.0,0.0,0.0,1.0,1.0,0.0,0.0,1.0,0.0,0.0,1.0,0.0,0.0,0.0,0.0,0.0,0.0,0.0,0.0,0.0,1.0,0.0,0.7865551292879382,-0.4228687958224076,-1.9454000871792083,1.6574955609418591,0.3483378851882212,-2.257245091577748,0.3251564097313165,-0.4193643951262656,1.0457813542787533,0.6646477820004375,-1.6299332740021009,-1.2322775341047445,-0.3119103220751362,-0.1727345125223261,0.207026812626701,-1.0974234232963989,-1.4930435809440212
-0.1829963233390527,1,0.1360510158385981,0,-0.0642775323814536,0,-0.008409908683631,0.6852167211661401,1.0329475423266483,-0.9876217030075504,-0.3179763098324828,1,0,0,-1.2511039410955245,-0.070159921443868,-0.0735220720873049,-0.2494717179110404,-0.3279248835069103,1.0,0.0,1.0,0.0,0.0,0.0,1.0,0.0,1.0,1.0,0.0,0.0,1.0,0.0,0.0,0.0,0.0,0.0,0.0,1.0,0.0,0.0,0.0,0.0,0.0,0.0,0.0,0.0,1.0,0.0,0.7865551292879382,-0.4228687958224076,0.1858440813708245,-1.1263460931515723,0.1802059234741537,1.5126268619481815,-2.106074120386705,-0.4193643951262656,-1.327625687686968,0.509003825277003,1.1421986662277814,0.4113710847305916,-0.3119103220751362,-0.1890707258035231,-1.5563644706319926,0.5620780135004741,1.5710488334379735
1.433922427580714,1,-0.8651296177836907,0,-0.0642775323814536,0,1.5587030364381365,-1.3394647129921626,0.4503757910717813,-0.5816914546167173,-0.3179763098324828,0,0,1,-0.647268195328577,-0.070159921443868,-0.0735220720873049,-0.2494717179110404,0.2685121418541518,1.0,1.0,0.0,0.0,0.0,1.0,0.0,1.0,0.0,0.0,1.0,0.0,1.0,0.0,1.0,0.0,0.0,0.0,0.0,0.0,0.0,0.0,0.0,0.0,0.0,0.0,0.0,0.0,1.0,0.0,0.7865551292879382,-0.4228687958224076,1.2299323677213816,0.8504480870958632,0.3483378851882212,1.708455662252128,0.3251564097313165,-0.4193643951262656,1.5519402518168075,-1.4496442269270786,0.7815523804190371,1.0679549435955398,-0.3119103220751362,0.4947673710497977,0.207026812626701,1.6854876348734351,1.9473941597094997
0.1361595142946639,1,0.0017627745443115,0,-0.0642775323814536,0,-1.241345363525996,-1.4433628276700887,-0.5950363812209625,-0.9876217030075504,-0.3179763098324828,1,0,0,-0.647268195328577,-0.070159921443868,-0.0735220720873049,-0.2494717179110404,1.3210480689619084,1.0,1.0,0.0,1.0,1.0,0.0,0.0,0.0,1.0,0.0,1.0,0.0,1.0,0.0,0.0,0.0,0.0,0.0,0.0,0.0,0.0,0.0,0.0,0.0,0.0,0.0,0.0,0.0,0.0,0.0,0.7865551292879382,-0.4228687958224076,0.1317869212935118,0.2425097078043942,-2.81009376674429,-0.0410901451167326,1.4344576071924189,-0.4193643951262656,0.1249089855526333,-1.4496442269270786,1.3693309529505249,0.0194300934352222,-0.3119103220751362,0.0431827610072743,-1.8033474422717104,-0.5770161155315978,-0.1884674668282815
-0.3827666505804455,1,0.0017627745443115,0,-0.0642775323814536,0,-0.008409908683631,0.548754466318285,1.546685257378708,-0.0016890967512681,-0.3179763098324828,0,0,0,-0.0434324495616297,-0.070159921443868,-0.0735220720873049,-0.2494717179110404,-1.4857144033254426,1.0,1.0,0.0,1.0,1.0,0.0,0.0,0.0,1.0,0.0,1.0,0.0,1.0,0.0,0.0,0.0,0.0,0.0,0.0,0.0,0.0,0.0,0.0,0.0,0.0,0.0,0.0,0.0,0.0,0.0,0.7865551292879382,-0.4228687958224076,0.7403072340861849,0.1136447634173001,0.3483378851882212,0.5392311433507482,0.3251564097313165,-0.4193643951262656,-0.9354187251836756,0.9675485249791136,-0.3985051268759407,0.398999968750109,-0.3119103220751362,1.4666742713346623,0.207026812626701,-0.0230954732943433,0.4878722951436681
0.1697123683806421,1,-0.7221038129805066,0,-0.0642775323814536,0,-0.008409908683631,0.0204266928241125,-0.0305666259442303,-0.0016890967512681,-0.3179763098324828,1,0,0,-0.0092016996137344,-0.0006581853192797,0.0051172634028046,-0.0064638430325724,0.1281740182397842,1.0,1.0,0.0,0.0,0.0,0.0,0.0,0.0,1.0,0.0,1.0,0.0,1.0,0.0,0.0,0.0,0.0,0.0,0.0,0.0,0.0,0.0,0.0,0.0,0.0,0.0,0.0,0.0,0.0,0.0,0.7865551292879382,2.3718581219580828,1.3885751010142984,-1.4132440576120893,0.3483378851882212,0.926954807064689,0.3251564097313165,-0.4193643951262656,-0.8254311027201852,0.8311283516802249,0.5511868774963049,0.2046924207040189,-0.3119103220751362,1.285807567283806,0.207026812626701,0.5147821959402057,0.9528039865095584
0.1578341327068296,1,0.0017627745443115,0,-0.0642775323814536,0,-0.008409908683631,-1.0266418676347628,0.5804080798967759,-0.0016890967512681,1.942100703974399,1,0,0,0.5604032962053177,-0.070159921443868,-0.0735220720873049,-0.2494717179110404,1.075456352636765,1.0,1.0,0.0,1.0,0.0,0.0,1.0,0.0,1.0,1.0,0.0,0.0,1.0,0.0,0.0,0.0,0.0,0.0,0.0,0.0,0.0,0.0,0.0,0.0,0.0,0.0,0.0,0.0,0.0,0.0,0.7865551292879382,-0.4228687958224076,-0.6800961449728701,-0.3078379518741957,0.3483378851882212,-1.1491676743814323,0.3251564097313165,1.7833645003987988,0.0551813145467454,0.3989795459126881,-0.2925856234135737,-0.3521078495916737,4.842387317378504,0.2374750345944414,0.207026812626701,-0.2242969820777786,-1.6928174689996822
-1.6130639091589687,1,0.1360510158385981,0,-0.0642775323814536,0,-1.7130757477851135,-0.7321444035849626,-0.9314219349988924,-0.0016890967512681,-0.3179763098324828,1,0,0,1.164239041972265,-0.070159921443868,11.431617932146168,-0.2494717179110404,0.6544419817936625,1.0,0.0,1.0,0.0,0.0,0.0,0.0,1.0,0.0,0.0,0.0,0.0,1.0,0.0,0.0,0.0,0.0,0.0,0.0,0.0,0.0,0.0,0.0,0.0,0.0,0.0,0.0,0.0,0.0,0.0,0.3642237667111669,-0.4228687958224076,1.2299323677213816,-0.45543096634367,-2.81009376674429,2.2295980477920447,-2.762662831008161,-0.4193643951262656,-0.6512342487870495,-1.4496442269270786,0.1314103412742304,-0.7779782140288491,-0.3119103220751362,-1.5309772275397682,1.3644979267586286,0.4848529882215316,1.3742661921790529
-0.6152823842739701,1,0.0017627745443115,0,-0.0642775323814536,1,-0.008409908683631,-1.0391292494249438,1.9168044276369551,0.2291955883318779,1.942100703974399,1,0,0,-1.2511039410955245,-0.070159921443868,-0.0735220720873049,-0.2494717179110404,-1.5558834651326263,1.0,1.0,0.0,1.0,1.0,0.0,0.0,1.0,0.0,0.0,1.0,0.0,1.0,0.0,0.0,0.0,0.0,0.0,0.0,0.0,0.0,0.0,0.0,0.0,0.0,0.0,0.0,0.0,1.0,0.0,-1.273255201886027,-0.4228687958224076,0.6314061832516338,1.2533931422822902,0.3483378851882212,0.1613094606087544,0.3251564097313165,-0.4193643951262656,1.8455471721474503,1.0836658148870424,-0.2925856234135737,0.6914999403293274,-0.3119103220751362,1.0807428122014973,0.207026812626701,-0.010979539946252,0.6460734928028186
1.2268558867804682,1,0.0017627745443115,0,-0.0642775323814536,0,-2.237496364241511,0.5978676845875547,0.7269378764536194,-1.393551951398384,1.942100703974399,1,0,0,-0.647268195328577,-0.070159921443868,-0.0735220720873049,-0.2494717179110404,-1.3102917488074832,1.0,0.0,1.0,1.0,0.0,0.0,0.0,0.0,1.0,0.0,1.0,0.0,1.0,0.0,0.0,0.0,0.0,1.0,1.0,0.0,0.0,0.0,0.0,0.0,0.0,0.0,0.0,0.0,0.0,1.0,-1.273255201886027,-0.4228687958224076,1.3228980099472696,-0.0471177312123972,0.5680595353379927,1.2845544694797848,2.0624256377326726,2.0678470304566274,0.2171431652422184,0.9609377694908928,2.324406941531137,0.41212579077809,-0.3119103220751362,-0.1828155862261269,2.014141362707432,-1.9940174502371404,1.8395740700410588
0.3779365750655591,1,0.0017627745443115,0,-2.0472542002127154,0,-0.008409908683631,1.0830643644109217,-1.9456663930364015,-0.5816914546167173,-0.3179763098324828,1,0,0,1.7680747877392125,-0.070159921443868,-0.0735220720873049,-0.2494717179110404,0.514103858179295,1.0,1.0,0.0,1.0,0.0,0.0,1.0,0.0,1.0,0.0,1.0,0.0,0.0,0.0,0.0,0.0,0.0,0.0,0.0,0.0,0.0,0.0,0.0,0.0,0.0,0.0,0.0,0.0,0.0,1.0,-1.273255201886027,-0.4228687958224076,0.9642009094871749,1.8440395309846185,-0.2547335018443357,1.2693870306256003,-2.762661883752041,-0.4193643951262656,1.9288212361870387,-1.4496442269270786,2.0761833155542986,0.010699577404965,-0.3119103220751362,1.4352178148075247,1.7269448411418815,0.898524637425918,1.341215845279521
-1.7015718437702272,1,-0.1500005937677701,0,-0.0642775323814536,0,-1.2487647585799042,0.0884465257377053,-1.4653382936401036,-0.0016890967512681,-0.3179763098324828,1,0,0,-0.0434324495616297,-0.070159921443868,-0.0735220720873049,-0.2494717179110404,-1.5558834651326263,1.0,0.0,1.0,0.0,0.0,0.0,0.0,0.0,1.0,1.0,0.0,0.0,1.0,0.0,0.0,0.0,0.0,0.0,0.0,0.0,0.0,0.0,0.0,0.0,0.0,0.0,0.0,0.0,0.0,0.0,0.8298266827895722,-0.4228687958224076,1.742557748066471,-0.5810291884802198,0.2707550019063553,1.8206395817984191,-1.238111967309609,0.3652639770967589,-0.8254311027201852,0.8959910185397052,1.4687581470096294,-0.6152935969700944,-0.3119076732916423,0.1453920375707047,0.8787274890993786,0.873719576456431,1.4046943794035194
1.6838712475375244,1,0.0017627745443115,0,-2.0472542002127154,0,0.6117382352804203,0.3675728556405704,-1.9763228441882013,-0.5816914546167173,-0.3179763098324828,1,0,0,0.5604032962053177,-0.070159921443868,-0.0735220720873049,-0.2494717179110404,1.180709945347541,0.0,1.0,0.0,1.0,0.0,0.0,1.0,0.0,1.0,0.0,1.0,0.0,1.0,0.0,0.0,0.0,0.0,0.0,1.0,0.0,0.0,0.0,0.0,0.0,0.0,0.0,0.0,0.0,0.0,1.0,0.7865551292879382,-0.4228687958224076,0.3823843067802856,-1.229885230934545,0.3483378851882212,0.5702679204359369,0.3251564097313165,-0.4193643951262656,-0.7992077290940584,0.4095418148145109,-0.2925856234135737,-2.878353200610668,-0.3119103220751362,0.8884697677923881,0.207026812626701,-0.7105720818478919,0.2821462329199411
-1.5791413802526753,1,0.0017627745443115,0,-0.0642775323814536,0,-1.455779991484326,0.6920240823992939,0.924533530708566,-0.0016890967512681,-0.3179763098324828,1,0,0,2.37191053350616,-0.070159921443868,-0.0735220720873049,-0.2494717179110404,-1.4857144033254426,1.0,0.0,1.0,1.0,0.0,0.0,1.0,0.0,1.0,0.0,1.0,0.0,1.0,0.0,1.0,0.0,0.0,0.0,0.0,0.0,0.0,0.0,0.0,0.0,0.0,0.0,0.0,0.0,0.0,0.0,-1.273255201886027,-0.4228687958224076,1.3885751010142984,0.043312270376372,-2.81009376674429,1.3847831044419714,-2.762662831008161,-0.4193643951262656,-0.2816974314114357,0.6362590131276213,0.1314103412742304,0.5563405670483251,-0.3119103220751362,-0.6741344802868975,1.1680622971899384,1.0859521614051637,2.3646300193552885
-0.6680291441621041,1,0.0017627745443115,0,-0.0642775323814536,0,-0.008409908683631,0.1698373538407416,-1.5608473614471574,-0.0016890967512681,-0.3179763098324828,1,0,0,1.164239041972265,-0.070159921443868,-0.0735220720873049,-0.2494717179110404,-0.1875867598925427,1.0,1.0,0.0,1.0,0.0,0.0,1.0,0.0,1.0,1.0,0.0,0.0,1.0,0.0,1.0,0.0,0.0,0.0,0.0,0.0,0.0,0.0,0.0,0.0,0.0,0.0,0.0,0.0,0.0,0.0,-1.273255201886027,-0.4228687958224076,0.1858440813708245,0.0684175097158598,0.3483378851882212,0.2490704982414735,0.3251564097313165,-0.4193643951262656,0.6906968364506361,0.6761916333357292,-0.2925856234135737,0.0988156943125688,-0.3119103220751362,1.3036710396898117,0.207026812626701,0.6238964939972597,0.1018456752742446
-0.2627293451101974,1,0.2790768206417822,0,1.918699135449808,0,-1.081996772762967,-2.463896860387388,-0.8050958876074847,1.0400826312804727,-0.3179763098324828,1,0,0,-0.647268195328577,-0.070159921443868,-0.0735220720873049,-0.2494717179110404,0.6193574508900707,1.0,1.0,0.0,0.0,0.0,0.0,1.0,1.0,0.0,0.0,1.0,0.0,0.0,0.0,0.0,0.0,1.0,0.0,0.0,0.0,0.0,0.0,1.0,0.0,0.0,0.0,0.0,0.0,1.0,0.0,-1.273255201886027,-0.4228687958224076,-0.6800961449728701,0.4645328579704301,0.3483378851882212,-1.1491676743814323,0.3251564097313165,-0.4193643951262656,0.6346451910027274,-1.4496442269270786,-0.2925856234135737,-3.463572463290123,-0.3119103220751362,-1.3701692560666656,0.207026812626701,-0.3315518856040641,-0.7912828154568244
-0.4004915853860855,1,0.0017627745443115,0,-0.0642775323814536,0,-0.008409908683631,-0.884846623621811,-1.082229799898713,-0.0016890967512681,-0.3179763098324828,1,0,0,-0.647268195328577,-0.070159921443868,-0.0735220720873049,-0.2494717179110404,1.5666397852870515,1.0,0.0,1.0,1.0,1.0,0.0,0.0,0.0,1.0,0.0,1.0,0.0,1.0,0.0,0.0,0.0,0.0,0.0,0.0,0.0,0.0,0.0,0.0,0.0,0.0,0.0,0.0,0.0,0.0,0.0,0.7865551292879382,-0.4228687958224076,-1.7039669015285408,-0.1846450822091074,0.3483378851882212,0.5702679204359369,0.3251564097313165,-0.4193643951262656,-0.2459672262651018,-1.4496442269270786,-1.136358073602358,-0.0046662065386249,-0.3119103220751362,1.097667649948766,0.207026812626701,-1.2662163381738971,-1.0554934272257293
-1.1259881485394383,0,0.0017627745443115,0,-0.0642775323814536,0,-0.008409908683631,0.6341122946366078,1.0061710221914049,-0.0016890967512681,1.942100703974399,1,0,0,-0.0434324495616297,-0.070159921443868,-0.0735220720873049,-0.2494717179110404,0.9351182290223976,1.0,1.0,0.0,1.0,1.0,0.0,0.0,0.0,1.0,0.0,0.0,0.0,1.0,0.0,0.0,0.0,0.0,0.0,0.0,0.0,0.0,0.0,0.0,0.0,0.0,0.0,0.0,0.0,0.0,0.0,0.7865551292879382,-0.4228687958224076,0.0754287763154507,-0.1690723565350931,0.3483378851882212,-0.4500485985763918,0.3251564097313165,-0.4193643951262656,0.0551813145467454,-1.4496442269270786,0.4993787854587743,0.4509478224547237,-0.3119103220751362,1.1345856895576172,0.207026812626701,-0.6362503966804541,-0.7582109436770536
0.8885742413378117,1,-1.7232844466027954,0,-0.0642775323814536,0,-0.008409908683631,0.6159724363223571,-1.2973650670676504,-0.0016890967512681,1.942100703974399,1,0,0,0.5604032962053177,-0.070159921443868,-0.0735220720873049,-0.2494717179110404,0.3737657345649274,1.0,0.0,1.0,0.0,0.0,0.0,1.0,0.0,1.0,0.0,0.0,0.0,1.0,0.0,1.0,0.0,0.0,0.0,1.0,0.0,0.0,0.0,0.0,0.0,0.0,0.0,0.0,0.0,0.0,0.0,0.934664060150795,-0.4228687958224076,1.205634134373882,0.2088960550044866,0.3483378851882212,0.4571846568848601,0.3251564097313165,1.1498915003360473,0.0551813145467454,0.562008602647753,0.7815523804190371,-0.51349931855893,3.36008579787955,-1.8327840645452784,0.207026812626701,1.3165456037136174,0.9356022243983948
-1.3909768967122311,1,0.0017627745443115,0,-0.0642775323814536,0,-0.008409908683631,-1.7764357518652176,-0.0305666259442303,-0.0016890967512681,-0.3179763098324828,0,0,0,-0.0092016996137344,-0.0006581853192797,0.0051172634028046,-0.0064638430325724,1.426301661672684,1.0,1.0,0.0,1.0,1.0,0.0,0.0,0.0,1.0,0.0,1.0,0.0,1.0,0.0,0.0,0.0,0.0,0.0,0.0,0.0,0.0,0.0,0.0,0.0,0.0,0.0,0.0,0.0,0.0,0.0,0.7865551292879382,2.3718581219580828,-0.901311916396625,-0.1846450822091074,0.3483378851882212,-0.4500485985763918,0.3251564097313165,-0.4193643951262656,-0.2459672262651018,0.6263131507724602,-0.3985051268759407,0.2046924207040189,-0.3119103220751362,0.9914341368858312,0.207026812626701,0.5147821959402057,-1.309951874450911
-1.6730971543212103,1,0.0017627745443115,0,1.918699135449808,0,-0.008409908683631,-2.415284078871502,-0.0305666259442303,-0.5816914546167173,-0.3179763098324828,0,0,0,-0.0092016996137344,-0.0006581853192797,0.0051172634028046,-0.0064638430325724,-0.2577558216997265,1.0,0.0,1.0,1.0,1.0,0.0,0.0,0.0,1.0,0.0,1.0,0.0,0.0,0.0,0.0,0.0,0.0,0.0,0.0,0.0,0.0,0.0,0.0,0.0,0.0,0.0,0.0,0.0,0.0,1.0,0.7865551292879382,2.3718581219580828,-0.109646297462563,0.5393643187452961,-2.81009376674429,-0.7402092349303226,-2.762662831008161,-0.4193643951262656,1.1155090252847173,0.3440880279991087,-0.2925856234135737,0.2046924207040189,-0.3119103220751362,1.105515951300728,0.8534951903719616,0.5147821959402057,-0.3853814707931949
-0.218105702984253,1,0.0017627745443115,0,-0.0642775323814536,0,-0.9520003936113108,0.4228439416292263,-0.0305666259442303,-0.0016890967512681,-0.3179763098324828,0,0,0,-0.0092016996137344,-0.0006581853192797,0.0051172634028046,-0.0064638430325724,1.426301661672684,0.0,1.0,0.0,1.0,0.0,0.0,1.0,0.0,1.0,0.0,1.0,0.0,1.0,0.0,0.0,0.0,0.0,0.0,1.0,0.0,0.0,0.0,0.0,0.0,0.0,0.0,0.0,0.0,0.0,0.0,0.7865551292879382,2.3718581219580828,-1.0275232254262934,-2.3673006871580173,0.3483378851882212,-1.3330600393368148,0.3251564097313165,-0.4193643951262656,-1.6654568720427787,-1.4496442269270786,-0.5145268149022528,0.2046924207040189,-0.3119103220751362,-2.1531826003945125,0.207026812626701,0.5147821959402057,-1.2297196776457353
-0.2341768293832196,1,0.0017627745443115,0,-0.0642775323814536,1,-0.008409908683631,-2.494963167267034,0.7843503193000622,-0.0016890967512681,6.462254731588162,1,0,0,-0.0434324495616297,-0.070159921443868,-0.0735220720873049,-0.2494717179110404,0.3737657345649274,1.0,1.0,0.0,1.0,1.0,0.0,0.0,0.0,1.0,0.0,1.0,0.0,1.0,0.0,0.0,0.0,0.0,0.0,0.0,0.0,0.0,0.0,0.0,0.0,0.0,0.0,0.0,0.0,0.0,0.0,0.5648383844609073,-0.4228687958224076,-0.5819611462463373,-0.3611897713453216,0.3483378851882212,0.7387612879999956,0.3251564097313165,-0.4193643951262656,-0.2637206690392434,0.6488839376164673,-0.10493701709087,-0.1119741372430519,-0.3119103220751362,1.19234140408002,0.207026812626701,-0.048432434369077,-0.6149641661338846
-0.8696575737898181,1,-0.006974788964586,0,-0.0642775323814536,0,-0.008409908683631,-1.875769452799768,-0.8345252964786711,-0.0016890967512681,-0.3179763098324828,1,0,0,-0.0434324495616297,-0.070159921443868,-0.0735220720873049,-0.2494717179110404,0.7596955745044383,1.0,0.0,1.0,0.0,0.0,0.0,1.0,0.0,1.0,0.0,1.0,0.0,1.0,0.0,0.0,1.0,0.0,0.0,1.0,0.0,0.0,0.0,0.0,0.0,0.0,0.0,0.0,0.0,0.0,0.0,-1.273255201886027,-0.4228687958224076,-0.4051366729854095,-1.362033173502235,0.7231405033055882,2.083902218865177,-0.1974443595615116,-0.4193643951262656,-1.6654568720427787,0.5167390758517268,-0.5145268149022528,-0.7270961735482199,-0.3119103220751362,-0.1622042109252236,1.7121322439093598,0.1404271611637543,0.725911013253346
0.8567238370822324,1,7.430367060800988,0,-0.0642775323814536,0,-0.008409908683631,-1.098098375154573,-0.5950363812209625,-0.5816914546167173,-0.3179763098324828,1,0,0,-1.2511039410955245,-0.070159921443868,-0.0735220720873049,-0.2494717179110404,1.496470723479868,1.0,0.0,1.0,0.0,0.0,0.0,1.0,0.0,1.0,1.0,0.0,0.0,1.0,0.0,0.0,1.0,0.0,0.0,0.0,0.0,0.0,0.0,0.0,0.0,0.0,0.0,0.0,0.0,0.0,1.0,0.5716620442409636,-0.4228687958224076,-1.3230135843964352,-0.5404261719781792,0.3483378851882212,-1.1491676743814323,0.3251564097313165,-0.4193643951262656,-0.6988764525897859,0.5156721218679997,-0.9487094817713948,-0.8703398699034333,-0.3119103220751362,0.7386293676999354,0.207026812626701,-3.000226860785976,-1.356283961277366
-1.185573892603404,1,0.0017627745443115,0,-0.0642775323814536,0,-1.7987456503852108,-1.166557544797385,-0.0305666259442303,-0.5816914546167173,-0.3179763098324828,1,0,0,-0.0092016996137344,-0.0006581853192797,0.0051172634028046,-0.0064638430325724,-0.0368405147397503,1.0,0.0,1.0,1.0,0.0,0.0,0.0,0.0,1.0,0.0,1.0,0.0,1.0,0.0,0.0,1.0,0.0,0.0,0.0,0.0,0.0,0.0,0.0,0.0,0.0,0.0,0.0,0.0,0.0,1.0,0.7865551292879382,2.3718581219580828,0.4057616766186918,-0.1163173300989559,0.3483378851882212,0.4911944069378114,0.3251564097313165,2.697550949697448,0.1249089855526333,0.7025078234750888,0.5714313996325581,0.2046924207040189,0.7064594335544466,-0.8529433535523727,0.207026812626701,0.5147821959402057,0.5630679411887848
1.0577101999167673,1,-0.8651296177836907,0,-0.0642775323814536,0,-0.8817254915925902,-1.4284976713384236,0.8968978047873947,-1.393551951398384,-0.3179763098324828,1,0,0,-0.647268195328577,-0.070159921443868,-0.0735220720873049,-0.2494717179110404,1.0052872908295811,1.0,0.0,1.0,0.0,0.0,0.0,1.0,0.0,1.0,0.0,1.0,0.0,0.0,0.0,0.0,0.0,0.0,0.0,0.0,0.0,0.0,0.0,0.0,0.0,0.0,1.0,0.0,0.0,0.0,1.0,-1.273255201886027,-0.4228687958224076,-0.4051366729854095,-0.2277486086566168,-0.0157640622344929,1.2224662135869226,-2.762661883752041,-0.4193643951262656,0.0551813145467454,-1.4496442269270786,-1.3582992448026014,-1.3234435258614117,-0.3119103220751362,-0.0467808977787514,-3.855682521042817,0.0543423721057258,0.6408729520372156
1.2155321633371283,1,0.0017627745443115,1,-0.0642775323814536,0,-2.511698589487191,-1.8951715414609216,0.3487558875486993,-0.0016890967512681,-0.3179763098324828,1,0,0,-0.647268195328577,-0.070159921443868,-0.0735220720873049,-0.2494717179110404,-0.3630094144105022,1.0,1.0,0.0,1.0,0.0,0.0,1.0,0.0,1.0,0.0,1.0,0.0,1.0,0.0,0.0,1.0,0.0,0.0,1.0,0.0,0.0,0.0,0.0,0.0,0.0,0.0,0.0,0.0,0.0,0.0,-1.273255201886027,-0.4228687958224076,0.2377807982702802,0.2069932297535577,0.3483378851882212,1.1732556891670367,0.3251564097313165,-0.4193643951262656,0.0551813145467454,0.3160668592716792,-0.2925856234135737,-0.2248975055506862,-0.3119103220751362,-1.5817217407509672,0.207026812626701,-0.8190986641371657,-0.8364239885559273
-0.621372290524426,1,0.0017627745443115,0,-0.0642775323814536,0,-0.008409908683631,-0.8004503961728145,-0.0305666259442303,-0.5816914546167173,-0.3179763098324828,1,0,0,-0.0092016996137344,-0.0006581853192797,0.0051172634028046,-0.0064638430325724,1.391217130769092,1.0,1.0,0.0,1.0,0.0,0.0,1.0,0.0,1.0,0.0,0.0,1.0,1.0,0.0,0.0,1.0,0.0,0.0,1.0,0.0,0.0,0.0,0.0,0.0,0.0,0.0,0.0,0.0,0.0,1.0,0.7865551292879382,2.3718581219580828,-0.901311916396625,-0.9466746226685218,0.3483378851882212,-1.1491676743814323,0.3251564097313165,-0.4193643951262656,-1.5292458759535472,-1.4496442269270786,-0.3985051268759407,0.2046924207040189,-0.3119103220751362,-0.1317482174095414,0.207026812626701,0.5147821959402057,-1.5299475773996918
1.1498078715989817,1,7.430367060800988,0,-0.0642775323814536,0,-0.008409908683631,-2.133518867645532,-2.73405087666423,-0.5816914546167173,-0.3179763098324828,1,0,0,2.37191053350616,-0.070159921443868,-0.0735220720873049,-0.2494717179110404,1.2157944762511328,1.0,1.0,0.0,0.0,0.0,0.0,0.0,0.0,1.0,0.0,1.0,0.0,0.0,0.0,0.0,0.0,0.0,0.0,1.0,0.0,0.0,0.0,0.0,0.0,0.0,0.0,0.0,0.0,1.0,0.0,1.0048275871884162,-0.4228687958224076,-1.4998380458340024,0.5025926541754575,0.3483378851882212,-1.8482867081608272,0.3251564097313165,-0.4193643951262656,0.0551813145467454,0.3339872236109416,-1.9801304223489744,-1.611229581529969,-0.3119103220751362,-0.4294493707631939,0.207026812626701,0.9833364012025014,-1.9297399316710888
0.1575909255882012,1,0.0017627745443115,0,-0.0642775323814536,0,1.7719312610295703,-0.957848923855323,-1.5373500278216488,-0.9876217030075504,-0.3179763098324828,1,0,0,-0.647268195328577,-0.070159921443868,-0.0735220720873049,-0.2494717179110404,1.3210480689619084,1.0,1.0,0.0,1.0,0.0,0.0,1.0,1.0,0.0,0.0,1.0,0.0,1.0,0.0,0.0,0.0,0.0,0.0,0.0,0.0,0.0,0.0,0.0,0.0,0.0,1.0,0.0,0.0,0.0,0.0,0.5080856972744091,-0.4228687958224076,-0.7860900177053552,1.202755890718792,0.3483378851882212,-0.4500485985763918,0.3251564097313165,-0.4193643951262656,-0.0953929558591985,0.4693179911148756,-0.2925856234135737,-1.624380468200613,-0.3119103220751362,-0.1253573671532359,0.207026812626701,0.6965523882348167,-1.4118917516222034
1.3942115692510637,1,0.0017627745443115,1,-0.0642775323814536,0,-0.008409908683631,-1.0474019880740104,-0.0305666259442303,-0.0016890967512681,1.942100703974399,1,0,0,-0.0092016996137344,-0.0006581853192797,0.0051172634028046,-0.0064638430325724,1.2859635380583163,1.0,0.0,1.0,1.0,0.0,0.0,1.0,0.0,1.0,0.0,0.0,0.0,1.0,0.0,0.0,0.0,0.0,0.0,1.0,0.0,0.0,0.0,0.0,0.0,0.0,0.0,0.0,0.0,0.0,0.0,0.7865551292879382,2.3718581219580828,-0.901311916396625,-1.663171263587142,0.3483378851882212,-1.3330600393368148,0.3251564097313165,-0.4193643951262656,-1.6654568720427787,-1.4496442269270786,-0.5145268149022528,0.2046924207040189,-0.3119103220751362,-0.284996583965513,0.207026812626701,0.5147821959402057,-1.3492100744840083
-0.5490424934443309,1,0.5651284302481504,1,-0.0642775323814536,0,-0.008409908683631,0.1095263006800218,-0.7457731661003052,-0.0016890967512681,-0.3179763098324828,1,0,0,-0.0434324495616297,-0.070159921443868,-0.0735220720873049,-0.2494717179110404,1.180709945347541,1.0,1.0,0.0,0.0,0.0,0.0,1.0,0.0,1.0,0.0,0.0,0.0,0.0,0.0,1.0,0.0,0.0,0.0,0.0,0.0,0.0,0.0,0.0,0.0,0.0,0.0,0.0,0.0,0.0,0.0,-1.273255201886027,-0.4228687958224076,-1.0275232254262934,0.2700171983112073,-2.81009376674429,-1.3330600393368148,-2.762661883752041,-0.4193643951262656,-0.0953929558591985,0.484049340503644,0.6486233799923462,-0.8733831606000878,-0.3119103220751362,-0.047474782095067,-0.3895677423546713,-1.214238097258879,-0.5338738683372598
-0.5710089603988506,1,0.1360510158385981,0,-0.0642775323814536,0,-0.008409908683631,-1.6592422795312658,-1.9332042139897168,-0.5816914546167173,-0.3179763098324828,1,0,0,-0.647268195328577,-0.070159921443868,-0.0735220720873049,-0.2494717179110404,1.2859635380583163,1.0,0.0,1.0,0.0,0.0,0.0,1.0,0.0,1.0,0.0,1.0,0.0,0.0,0.0,0.0,0.0,0.0,0.0,0.0,0.0,0.0,0.0,0.0,0.0,0.0,0.0,0.0,0.0,0.0,1.0,0.2798564631840635,-0.4228687958224076,-0.901311916396625,-0.9089167557580274,0.3483378851882212,-0.098741016156493,0.3251564097313165,-0.4193643951262656,-0.9354187251836756,-1.4496442269270786,-0.5145268149022528,-1.4862653285170204,-0.3119103220751362,-1.8416225391183696,0.207026812626701,-1.2411234448387465,-0.8155944494384244
0.1695761723942102,1,0.4221026254449663,0,-0.0642775323814536,0,-0.6203917902963665,-0.1547747630166072,-0.0305666259442303,-0.5816914546167173,-0.3179763098324828,1,0,0,-0.0092016996137344,-0.0006581853192797,0.0051172634028046,-0.0064638430325724,1.2508790071547249,1.0,0.0,1.0,0.0,0.0,0.0,1.0,0.0,1.0,0.0,1.0,0.0,1.0,0.0,0.0,0.0,0.0,0.0,1.0,0.0,0.0,0.0,0.0,0.0,0.0,0.0,0.0,0.0,0.0,0.0,0.7865551292879382,2.3718581219580828,-1.0275232254262934,0.3639666506647027,0.3483378851882212,0.3678683130124435,0.3251564097313165,-0.4193643951262656,0.0551813145467454,0.4713764324403826,-1.136358073602358,0.2046924207040189,-0.3119103220751362,-0.8640066091455064,0.207026812626701,0.5147821959402057,0.493768298020383
1.46307809696189,1,0.0017627745443115,0,-0.0642775323814536,0,0.5287320882627484,0.8904518345241569,-0.2232795204360768,1.0400826312804727,-0.3179763098324828,1,0,0,-0.647268195328577,-0.070159921443868,-0.0735220720873049,-0.2494717179110404,-1.5558834651326263,1.0,1.0,0.0,1.0,0.0,0.0,0.0,1.0,0.0,0.0,1.0,0.0,1.0,0.0,0.0,0.0,0.0,0.0,1.0,0.0,0.0,0.0,0.0,0.0,0.0,0.0,1.0,0.0,1.0,0.0,0.7865551292879382,-0.4228687958224076,1.3885751010142984,-0.4068384444156221,0.0899815993739395,0.4399429435794491,0.7778693814760057,1.7833645003987988,-0.2111085770322401,0.6070506790992345,2.4479263713531045,-3.0803493501364483,4.842387317378504,-0.7821510149552354,0.6065122187321358,-1.3317195993438906,1.2858661427633844
-1.660722776125396,1,0.0017627745443115,0,-0.0642775323814536,0,-0.008409908683631,0.3459555875060462,-0.0305666259442303,-0.0016890967512681,-0.3179763098324828,0,0,0,-0.647268195328577,-0.070159921443868,-0.0735220720873049,-0.2494717179110404,-0.0368405147397503,1.0,0.0,1.0,1.0,1.0,0.0,0.0,0.0,0.0,0.0,0.0,0.0,1.0,0.0,0.0,0.0,0.0,0.0,0.0,0.0,0.0,0.0,0.0,0.0,0.0,0.0,0.0,0.0,0.0,0.0,0.9768764754288968,-0.4228687958224076,0.4057616766186918,-0.0938350003771181,0.3483378851882212,0.4911944069378114,0.3251564097313165,2.697550949697448,-0.9354187251836756,0.7025078234750888,0.5714313996325581,1.7549005689343826,0.7064594335544466,1.2696049319707308,0.207026812626701,-1.887415720378444,0.5630679411887848
0.1165472922484672,1,0.0017627745443115,0,1.918699135449808,0,-0.008409908683631,-0.5031362147245372,-0.0305666259442303,-0.5816914546167173,-0.3179763098324828,0,0,0,-0.0092016996137344,-0.0006581853192797,0.0051172634028046,-0.0064638430325724,1.391217130769092,0.0,0.0,1.0,1.0,0.0,0.0,1.0,1.0,0.0,0.0,0.0,0.0,1.0,0.0,0.0,0.0,0.0,0.0,1.0,0.0,0.0,0.0,0.0,0.0,0.0,0.0,0.0,0.0,1.0,0.0,0.7865551292879382,2.3718581219580828,-0.7860900177053552,-1.8274645089420176,0.3483378851882212,-1.1491676743814323,0.3251564097313165,-0.4193643951262656,-1.25432070876887,-1.4496442269270786,-0.2925856234135737,0.2046924207040189,-0.3119103220751362,-2.3303048167211178,0.207026812626701,0.5147821959402057,-0.8953109487280408
-0.066179080119445,1,0.0017627745443115,1,-2.0472542002127154,0,-0.008409908683631,1.057595759203216,-0.0305666259442303,-2.204438994346979,1.942100703974399,1,0,0,-0.0092016996137344,-0.0006581853192797,0.0051172634028046,-0.0064638430325724,-1.380460810614667,1.0,1.0,0.0,1.0,0.0,0.0,1.0,0.0,1.0,0.0,1.0,0.0,1.0,0.0,0.0,0.0,0.0,0.0,0.0,0.0,0.0,0.0,0.0,0.0,0.0,0.0,0.0,0.0,0.0,1.0,0.7865551292879382,2.3718581219580828,-0.6800961449728701,-0.0767791384391926,0.3483378851882212,-1.1491676743814323,0.3251564097313165,-0.4193643951262656,0.3157432074164745,-1.134524043532067,-0.2925856234135737,0.2046924207040189,-0.3119103220751362,1.263071070983834,0.207026812626701,0.5147821959402057,-2.0081721348847754
0.0570296461777177,1,0.0017627745443115,0,1.918699135449808,0,-0.008409908683631,-2.110782420455656,0.6297008343731622,-0.0016890967512681,-0.3179763098324828,1,0,0,-0.0434324495616297,-0.070159921443868,-0.0735220720873049,-0.2494717179110404,-0.748939254350013,1.0,1.0,0.0,1.0,0.0,0.0,1.0,0.0,1.0,1.0,0.0,0.0,1.0,0.0,0.0,0.0,1.0,0.0,0.0,0.0,0.0,0.0,1.0,0.0,0.0,0.0,0.0,0.0,0.0,0.0,0.7000026157716916,-0.4228687958224076,0.5534886193891493,0.2403289955611014,0.3483378851882212,1.3847831044419714,0.3251564097313165,-0.4193643951262656,-0.1603647696813722,-1.4496442269270786,-0.1951491248191551,-0.5955606813110369,-0.3119103220751362,-0.5492697941340463,0.207026812626701,-0.4611243269324342,0.3655205253415944
-1.2277362786888288,1,-1.5802586417996114,0,-2.0472542002127154,0,-0.008409908683631,-2.2993673585629493,-0.5543262970044511,-0.5816914546167173,-0.3179763098324828,1,0,0,0.5604032962053177,-0.070159921443868,-0.0735220720873049,-0.2494717179110404,0.6193574508900707,1.0,1.0,0.0,0.0,0.0,0.0,1.0,0.0,1.0,0.0,0.0,1.0,1.0,0.0,0.0,0.0,0.0,0.0,1.0,0.0,0.0,0.0,0.0,0.0,0.0,0.0,0.0,0.0,1.0,0.0,-1.273255201886027,-0.4228687958224076,0.8409290299835093,-2.789160271477788,-0.4355069043641943,0.5392311433507482,1.8768482200608405,-0.4193643951262656,-2.563822732077342,0.7379107324677505,0.6945649239135049,-1.9432677708514288,-0.3119103220751362,-0.7967111448901586,-1.4281186152036942,-1.869003148024624,0.513320992868941
0.7855225210325731,1,2.138412283083176,1,-0.0642775323814536,0,-0.008409908683631,-1.6807000451166056,-0.8442993410759455,-0.0016890967512681,-0.3179763098324828,1,0,0,-0.647268195328577,-0.070159921443868,-0.0735220720873049,-0.2494717179110404,-0.3980939453140941,1.0,0.0,1.0,0.0,0.0,0.0,1.0,0.0,1.0,1.0,0.0,0.0,1.0,0.0,0.0,0.0,1.0,0.0,0.0,0.0,0.0,0.0,1.0,0.0,0.0,0.0,0.0,0.0,0.0,0.0,0.7865551292879382,-0.4228687958224076,0.6314061832516338,0.3813955933657174,0.3483378851882212,1.1036683974818045,0.3251564097313165,-0.4193643951262656,0.0694016683401864,0.6442048118824227,-0.5145268149022528,-3.1849798971287853,-0.3119103220751362,1.238741775604148,0.207026812626701,-0.0861784168169544,0.467953682305076
1.2373916191594516,1,0.0017627745443115,0,1.918699135449808,0,-0.008409908683631,-1.0769875878212931,-1.7181128789071607,-0.5816914546167173,-0.3179763098324828,0,0,0,3.5795820250400543,-0.070159921443868,-0.0735220720873049,-0.2494717179110404,1.391217130769092,1.0,1.0,0.0,1.0,1.0,0.0,0.0,0.0,1.0,0.0,1.0,0.0,1.0,0.0,0.0,0.0,0.0,0.0,0.0,0.0,0.0,0.0,0.0,0.0,0.0,0.0,0.0,0.0,1.0,0.0,0.6597823035721527,-0.4228687958224076,-1.4998380458340024,0.5725589702303829,0.3483378851882212,-1.8482867081608272,0.3251564097313165,2.1871128716296355,0.6441411313538056,-1.4496442269270786,-1.136358073602358,0.3547277958580995,-0.3119103220751362,1.370367331314158,0.207026812626701,0.5825054570434918,-1.245607630969184
-1.1437325399145688,1,0.0017627745443115,1,-0.0642775323814536,0,-0.008409908683631,-2.0297529020557463,-0.7358284038460116,-1.7985087459561455,-0.3179763098324828,1,0,0,-0.647268195328577,-0.070159921443868,-0.0735220720873049,-0.2494717179110404,-0.8892773779643806,1.0,1.0,0.0,1.0,0.0,0.0,1.0,1.0,0.0,0.0,0.0,0.0,1.0,0.0,1.0,0.0,0.0,0.0,0.0,0.0,0.0,0.0,0.0,0.0,0.0,0.0,0.0,0.0,0.0,0.0,0.7865551292879382,-0.4228687958224076,-1.0275232254262934,0.5526071589871892,0.3483378851882212,-1.3330600393368148,0.3251564097313165,-0.4193643951262656,0.6346451910027274,0.556349403282169,-0.5145268149022528,-0.70196251980052,-0.3119103220751362,1.1647301393271738,0.207026812626701,-0.3734822433080395,-1.19334862358701
-1.0096086781333622,1,0.0017627745443115,0,-0.0642775323814536,0,-0.008409908683631,0.8626611214986449,0.2872290632142988,-0.0016890967512681,-0.3179763098324828,0,0,0,-1.2511039410955245,-0.070159921443868,-0.0735220720873049,-0.2494717179110404,-1.380460810614667,0.0,1.0,0.0,1.0,1.0,0.0,0.0,0.0,1.0,1.0,0.0,0.0,1.0,0.0,0.0,0.0,0.0,0.0,0.0,0.0,0.0,0.0,0.0,0.0,0.0,0.0,0.0,0.0,0.0,0.0,0.6989437378752188,-0.4228687958224076,-0.1775697252405658,-0.6478786785853766,0.3483378851882212,0.0651781206783969,0.3251564097313165,-0.4193643951262656,-0.3559548487287524,0.547251141272003,-0.7861608745344038,0.6627747642540996,-0.3119103220751362,0.9719120523038154,0.207026812626701,-1.2958156830683958,-0.4725043772963874
-1.5332627893946082,1,-1.4372328369964271,0,-0.0642775323814536,0,0.4282284958560066,-0.0520261662450237,-0.0305666259442303,-0.0016890967512681,-0.3179763098324828,1,0,0,-0.0092016996137344,-0.0006581853192797,0.0051172634028046,-0.0064638430325724,1.2859635380583163,1.0,0.0,1.0,0.0,0.0,0.0,1.0,1.0,0.0,0.0,1.0,0.0,1.0,0.0,0.0,0.0,0.0,0.0,1.0,0.0,0.0,0.0,0.0,0.0,0.0,0.0,0.0,0.0,0.0,0.0,0.7865551292879382,2.3718581219580828,-0.6800961449728701,0.8627928056289202,0.3483378851882212,-1.1491676743814323,0.3251564097313165,-0.4193643951262656,0.6346451910027274,-1.4496442269270786,-0.2925856234135737,0.2046924207040189,-0.3119103220751362,-0.7135902256205171,0.207026812626701,0.5147821959402057,-1.18813697336514
0.6939501767265965,1,0.0017627745443115,0,1.918699135449808,0,1.723435559408534,0.3645563177908866,-0.0305666259442303,-0.0016890967512681,-0.3179763098324828,1,0,0,-0.647268195328577,-0.070159921443868,-0.0735220720873049,-0.2494717179110404,-0.7138547234464211,1.0,1.0,0.0,1.0,1.0,0.0,0.0,0.0,1.0,0.0,1.0,0.0,1.0,0.0,0.0,0.0,0.0,1.0,0.0,0.0,0.0,0.0,0.0,0.0,0.0,0.0,0.0,0.0,0.0,0.0,0.7865551292879382,-0.4228687958224076,0.9344419816649946,0.2508973671965408,0.3483378851882212,1.5480205172850674,0.3251564097313165,-0.4193643951262656,0.8302352700503767,-1.4496442269270786,0.2668060196398529,0.3670570300030523,-0.3119103220751362,1.3982627122419806,0.207026812626701,-0.5682360407425688,0.8582041493536062
1.0086699165165307,1,0.1360510158385981,0,-0.0642775323814536,0,-0.008409908683631,-0.9626661323893332,-1.0729677977017815,-0.9876217030075504,1.942100703974399,0,0,1,2.975746279273107,-0.070159921443868,-0.0735220720873049,-0.2494717179110404,-1.5558834651326263,1.0,0.0,1.0,0.0,0.0,0.0,1.0,0.0,1.0,0.0,1.0,0.0,1.0,0.0,0.0,1.0,0.0,0.0,0.0,0.0,0.0,0.0,0.0,0.0,0.0,0.0,0.0,0.0,0.0,1.0,0.7865551292879382,-0.4228687958224076,0.2877571647218566,0.986582147861904,0.3483378851882212,-0.0410901451167326,0.3251564097313165,-0.4193643951262656,0.6346451910027274,0.8051636652434964,0.3886382557675724,-0.2337348858372135,-0.3119103220751362,-0.5559434780905662,0.207026812626701,1.371028917294586,-0.1846829761707161
0.3128932632595717,1,0.0017627745443115,1,-0.0642775323814536,0,-1.7028582796854788,0.6668412662112577,0.6001764313660088,1.0400826312804727,-0.3179763098324828,1,0,0,0.5604032962053177,-0.070159921443868,-0.0735220720873049,-0.2494717179110404,1.1105408835403572,1.0,0.0,1.0,1.0,0.0,0.0,1.0,0.0,1.0,0.0,1.0,0.0,1.0,0.0,0.0,0.0,0.0,0.0,0.0,0.0,0.0,0.0,0.0,0.0,0.0,0.0,0.0,0.0,1.0,0.0,0.7865551292879382,-0.4228687958224076,-0.901311916396625,-1.7620038355819485,0.0811400444785363,-0.5378096342988541,1.2751888014835455,-0.4193643951262656,-1.25432070876887,-1.4496442269270786,0.2009896446142883,0.5179159303463534,-0.3119103220751362,-0.1674654306385338,-1.9920615250623708,1.06413016592816,-1.0333924707904218
1.396429618172955,1,0.0017627745443115,0,-0.0642775323814536,0,-2.2245510303010003,-0.6769201602360728,-0.0305666259442303,-0.0016890967512681,-0.3179763098324828,0,0,0,-0.0092016996137344,-0.0006581853192797,0.0051172634028046,-0.0064638430325724,0.1281740182397842,0.0,1.0,0.0,1.0,0.0,0.0,1.0,0.0,1.0,0.0,1.0,0.0,1.0,0.0,0.0,0.0,1.0,0.0,0.0,0.0,0.0,0.0,1.0,0.0,0.0,0.0,0.0,0.0,0.0,0.0,0.7865551292879382,2.3718581219580828,0.9642009094871749,-1.4087350382041048,0.3483378851882212,1.066987421504101,0.3251564097313165,-0.4193643951262656,-0.9354187251836756,0.3119238749822302,0.6008797537551517,0.2046924207040189,-0.3119103220751362,-0.2822758301216041,0.207026812626701,0.5147821959402057,0.181364577540011
1.6335371022661844,0,-0.7221038129805066,0,-0.0642775323814536,0,-0.008409908683631,0.8617346794083705,1.129187142674992,-0.5816914546167173,-0.3179763098324828,1,0,0,-0.647268195328577,-0.070159921443868,-0.0735220720873049,-0.2494717179110404,-0.9243619088679724,1.0,0.0,1.0,0.0,0.0,0.0,1.0,1.0,0.0,0.0,1.0,0.0,1.0,0.0,0.0,1.0,0.0,0.0,0.0,0.0,0.0,0.0,1.0,0.0,0.0,0.0,0.0,0.0,1.0,0.0,-0.2600621233997516,-0.4228687958224076,1.6754944778570464,0.5917840031105153,-2.81009376674429,1.2224662135869226,-2.762662831008161,-0.4193643951262656,0.3157432074164745,0.3707446073660429,0.3292456758634065,0.7337598136489916,-0.3119103220751362,-0.1234660042863156,0.9441332176123908,-0.101205564156687,1.4260885146028002
-0.2071613826459736,1,-0.7221038129805066,0,-0.0642775323814536,0,-0.008409908683631,-0.3542503126235082,-0.0305666259442303,-0.0016890967512681,-0.3179763098324828,0,0,1,-0.0092016996137344,-0.0006581853192797,0.0051172634028046,-0.0064638430325724,1.075456352636765,1.0,0.0,1.0,0.0,0.0,0.0,0.0,0.0,1.0,1.0,0.0,0.0,1.0,0.0,0.0,0.0,0.0,0.0,1.0,0.0,0.0,0.0,0.0,0.0,0.0,0.0,0.0,0.0,0.0,0.0,0.7865551292879382,2.3718581219580828,-1.4998380458340024,-0.951963032014035,0.387841619470834,-1.8482867081608272,1.7957105360540575,-0.4193643951262656,-1.25432070876887,-1.4496442269270786,-0.020951553637204,0.2046924207040189,-0.3119103220751362,0.9668844819788184,-1.153704006323189,0.5147821959402057,-0.243019524673994
-1.7232853753213735,1,0.0017627745443115,0,-0.0642775323814536,0,-0.008409908683631,0.3475517090915122,-0.4104737990176945,-0.0016890967512681,1.942100703974399,1,0,0,-0.0434324495616297,-0.070159921443868,-0.0735220720873049,-0.2494717179110404,-1.4506298724218507,1.0,1.0,0.0,1.0,0.0,0.0,0.0,0.0,1.0,1.0,0.0,0.0,1.0,0.0,0.0,0.0,0.0,0.0,1.0,0.0,0.0,0.0,0.0,0.0,0.0,0.0,0.0,0.0,0.0,0.0,-1.273255201886027,-0.4228687958224076,0.4706981281980754,0.926356957636176,0.3483378851882212,0.999399368744888,0.3251564097313165,-0.4193643951262656,1.469368046026426,0.8933697585515239,0.2668060196398529,0.2758877071195487,-0.3119103220751362,-0.174892317522867,0.207026812626701,0.1168434818625465,1.2600325654787996
1.0429232071041588,1,0.0017627745443115,1,-2.0472542002127154,0,0.8163850349952073,0.7376389539501638,-2.1350701505260585,-0.0016890967512681,4.2021777177812805,1,0,0,6.598760753874791,-0.070159921443868,-0.0735220720873049,-0.2494717179110404,1.1105408835403572,1.0,0.0,1.0,1.0,0.0,0.0,0.0,1.0,0.0,0.0,1.0,0.0,1.0,0.0,0.0,1.0,0.0,0.0,1.0,0.0,0.0,0.0,0.0,0.0,0.0,0.0,0.0,0.0,0.0,0.0,-1.273255201886027,-0.4228687958224076,-0.109646297462563,0.6992716578627144,0.3483378851882212,1.1732556891670367,0.3251564097313165,-0.4193643951262656,0.6346451910027274,-1.4496442269270786,0.2668060196398529,0.1830767890325959,-0.3119103220751362,0.867653860531246,0.207026812626701,1.4278491555615085,-0.9510123967215908
-0.1424780173755562,1,0.0017627745443115,0,-0.0642775323814536,0,-1.3623244962801866,0.1969507496243148,-2.685146957274597,-0.0016890967512681,-0.3179763098324828,1,0,0,2.975746279273107,-0.070159921443868,-0.0735220720873049,-0.2494717179110404,0.6895265126972545,1.0,1.0,0.0,1.0,0.0,0.0,0.0,1.0,0.0,0.0,1.0,0.0,1.0,0.0,1.0,0.0,0.0,0.0,0.0,0.0,0.0,0.0,0.0,0.0,0.0,0.0,0.0,0.0,0.0,0.0,0.7634724710149837,-0.4228687958224076,-0.7860900177053552,0.5090866857728803,0.5041004847018322,1.1732556891670367,0.5777054545576963,1.9345191650725864,0.0551813145467454,-1.4496442269270786,0.9751828571020784,0.2947566360360547,5.196083195660792,-1.556435627650438,-0.1035994445790125,0.4596901786693573,1.4876481978864733
-1.6923202449776016,0,-1.151181227390059,0,-0.0642775323814536,1,-1.8127538564286303,-0.7649684315999077,-0.6456375105391847,-0.0016890967512681,1.942100703974399,1,0,0,-0.647268195328577,-0.070159921443868,-0.0735220720873049,-0.2494717179110404,0.5491883890828869,1.0,1.0,0.0,0.0,0.0,0.0,0.0,0.0,0.0,0.0,0.0,0.0,1.0,0.0,0.0,0.0,0.0,1.0,1.0,0.0,0.0,0.0,0.0,0.0,0.0,0.0,0.0,0.0,0.0,0.0,0.7865551292879382,-0.4228687958224076,-1.0275232254262934,1.2970284417227471,-2.81009376674429,-1.3330600393368148,-1.721994781207056,-0.4193643951262656,0.0551813145467454,-1.4496442269270786,0.5511868774963049,-0.039483659216945,-0.3119103220751362,-1.447075404720472,-1.153704006323189,-0.1644509077942502,-0.2752288375725911
-1.0718988853564757,1,0.0017627745443115,0,-0.0642775323814536,0,0.2093992924457348,0.5320043402747512,-1.6671032912990995,-0.0016890967512681,-0.3179763098324828,1,0,0,0.5604032962053177,-0.070159921443868,-0.0735220720873049,-0.2494717179110404,1.2157944762511328,1.0,1.0,0.0,1.0,0.0,0.0,1.0,0.0,1.0,0.0,1.0,0.0,1.0,0.0,0.0,0.0,0.0,0.0,0.0,0.0,0.0,0.0,0.0,0.0,0.0,0.0,0.0,0.0,0.0,0.0,-1.273255201886027,-0.4228687958224076,-0.4905996477000771,-0.1390722897005173,-2.81009376674429,-0.0410901451167326,-2.762662831008161,-0.4193643951262656,0.0694016683401864,-1.4496442269270786,-0.020951553637204,-1.472834014578324,-0.3119103220751362,0.0510645500179594,-2.8272927640671384,0.1007026437293634,-1.1399156555518286
-0.6865323417473551,1,0.0017627745443115,0,1.918699135449808,1,-0.008409908683631,-0.7354447309292035,-1.6298007239081034,-2.204438994346979,-0.3179763098324828,1,0,0,-0.0434324495616297,-0.070159921443868,-0.0735220720873049,-0.2494717179110404,-1.5207989342290344,1.0,1.0,0.0,1.0,0.0,0.0,1.0,0.0,0.0,0.0,0.0,0.0,0.0,1.0,0.0,0.0,0.0,0.0,0.0,0.0,0.0,0.0,0.0,0.0,0.0,0.0,0.0,0.0,0.0,0.0,0.7865551292879382,-0.4228687958224076,-1.1670433532293534,-0.5503760895349282,0.3483378851882212,-0.098741016156493,0.3251564097313165,3.572400446593674,-0.9354187251836756,0.2570480326914541,-0.5145268149022528,-3.239626822483814,3.36008579787955,-0.3499242694743171,0.207026812626701,-0.9329402810491468,-2.285810555033284
-0.2528551360938831,1,-0.7221038129805066,0,-0.0642775323814536,0,-0.008409908683631,-1.8201236351282428,-1.0543762332316151,-0.0016890967512681,-0.3179763098324828,1,0,0,-1.2511039410955245,-0.070159921443868,-0.0735220720873049,-0.2494717179110404,1.2157944762511328,1.0,0.0,1.0,0.0,0.0,0.0,1.0,0.0,1.0,0.0,1.0,0.0,1.0,0.0,0.0,1.0,0.0,0.0,0.0,0.0,0.0,0.0,0.0,0.0,0.0,0.0,0.0,0.0,0.0,0.0,-1.273255201886027,-0.4228687958224076,-0.6800961449728701,-0.2470485705943715,0.3483378851882212,-0.2249825212789544,0.3251564097313165,0.824241632103634,-0.6748568323144772,0.8389978805217122,-1.136358073602358,0.7725889993398616,-0.3119103220751362,0.8425833515311182,0.207026812626701,-1.5550632964321625,-0.0322923915631097
-0.743034219547112,1,-0.7221038129805066,1,1.918699135449808,0,-2.8078077968256308,-0.3177900943524873,-2.312906919092934,-0.5816914546167173,1.942100703974399,1,0,0,-0.0434324495616297,-0.070159921443868,-0.0735220720873049,-0.2494717179110404,-0.6086011307356454,1.0,1.0,0.0,0.0,0.0,0.0,0.0,0.0,1.0,0.0,1.0,0.0,1.0,0.0,0.0,0.0,0.0,0.0,1.0,0.0,0.0,0.0,0.0,0.0,0.0,0.0,0.0,0.0,0.0,1.0,-1.273255201886027,-0.4228687958224076,0.9642009094871749,0.3860161008997533,-2.81009376674429,0.3678683130124435,1.0503781157751686,2.3934969615767185,0.1913923106366497,0.5855594631228396,1.078115110228863,-2.273738640047633,-0.3119076732916423,-0.9573761929565028,-1.1836528755905869,-0.1540891176228501,0.8903192138141652
-1.2137372769405763,1,0.0017627745443115,1,-0.0642775323814536,0,-0.008409908683631,-1.086711787766417,-0.0305666259442303,-0.0016890967512681,-0.3179763098324828,1,0,0,-0.0092016996137344,-0.0006581853192797,0.0051172634028046,-0.0064638430325724,-1.1348690942895236,1.0,0.0,1.0,1.0,0.0,0.0,1.0,0.0,1.0,1.0,0.0,0.0,1.0,0.0,0.0,1.0,0.0,0.0,0.0,0.0,0.0,0.0,1.0,0.0,0.0,0.0,0.0,0.0,0.0,0.0,0.7865551292879382,2.3718581219580828,-0.4905996477000771,-1.9138660826624396,0.3483378851882212,-0.4500485985763918,0.3251564097313165,-0.4193643951262656,-1.6654568720427787,0.3010179835159033,-0.7861608745344038,0.2046924207040189,-0.3119103220751362,-0.0414656496958708,0.207026812626701,0.5147821959402057,-1.344907293850611
-0.8953888869407061,1,0.8511800398545187,0,1.918699135449808,0,-0.008409908683631,-1.6696904908027552,0.5307007888635464,-0.0016890967512681,-0.3179763098324828,0,0,1,-0.0434324495616297,-0.070159921443868,-0.0735220720873049,-0.2494717179110404,1.075456352636765,1.0,0.0,1.0,0.0,0.0,0.0,1.0,0.0,1.0,0.0,1.0,0.0,1.0,0.0,0.0,0.0,0.0,0.0,0.0,0.0,0.0,0.0,0.0,0.0,0.0,0.0,0.0,0.0,0.0,0.0,0.7865551292879382,-0.4228687958224076,0.0165650175862706,-1.0386696281790602,0.3483378851882212,1.2224662135869226,0.3251564097313165,-0.4193643951262656,-0.2637206690392434,-1.4496442269270786,-0.3985051268759407,0.0732408430594106,-0.3119103220751362,0.9829820777053208,0.207026812626701,-0.2029561978726944,0.8240811799734367
1.3596761584058266,1,0.0017627745443115,1,-0.0642775323814536,0,-0.008409908683631,-0.8504743430034349,-1.9332042139897168,-0.0016890967512681,-0.3179763098324828,1,0,0,1.164239041972265,-0.070159921443868,-0.0735220720873049,-0.2494717179110404,1.391217130769092,1.0,1.0,0.0,1.0,0.0,0.0,1.0,0.0,1.0,0.0,1.0,0.0,0.0,0.0,0.0,0.0,1.0,0.0,0.0,0.0,0.0,0.0,0.0,0.0,1.0,0.0,0.0,0.0,0.0,0.0,0.8635247436468466,-0.4228687958224076,-0.7860900177053552,0.2196424362226124,0.3483378851882212,-0.4500485985763918,0.3251564097313165,-0.4193632631481867,-0.3559548487287524,-1.4496442269270786,-0.2925856234135737,-2.452838789697706,-0.3119076732916423,-1.4443242307969233,0.207026812626701,-0.0756316052007016,-0.8745048234380496
1.0931600695280472,0,-1.4372328369964271,0,-0.0642775323814536,0,-0.888620078955996,0.1127891709694234,1.2055822319339735,-0.0016890967512681,-0.3179763098324828,0,0,1,-1.2511039410955245,-0.070159921443868,-0.0735220720873049,-0.2494717179110404,1.3561325998655005,1.0,1.0,0.0,0.0,0.0,0.0,0.0,0.0,1.0,0.0,1.0,0.0,1.0,0.0,0.0,0.0,1.0,0.0,0.0,0.0,0.0,0.0,0.0,0.0,1.0,0.0,0.0,0.0,0.0,0.0,0.7865551292879382,-0.4228687958224076,-0.6800961449728701,-0.0749345470450553,-2.81009376674429,0.0651781206783969,-2.762662831008161,-0.4193643951262656,-1.0859929955892669,0.2613791432538243,-0.9487094817713948,1.3429819621770906,-0.3119103220751362,-0.4356416272334867,-0.3803859530125015,-1.6614080099088568,-0.2867978260165814
1.063994671862126,1,0.0017627745443115,0,-0.0642775323814536,0,-0.008409908683631,0.3321930911046066,-1.7536782773744646,-0.0016890967512681,1.942100703974399,1,0,0,0.5604032962053177,-0.070159921443868,-0.0735220720873049,-0.2494717179110404,-0.3279248835069103,1.0,1.0,0.0,1.0,1.0,0.0,0.0,0.0,1.0,0.0,0.0,0.0,1.0,0.0,0.0,0.0,0.0,0.0,0.0,0.0,0.0,0.0,0.0,0.0,0.0,0.0,0.0,0.0,0.0,0.0,-1.273255201886027,-0.4228687958224076,0.5127402798073786,-0.1807397682622814,0.3483378851882212,0.9689865418227914,0.3251564097313165,4.234057049951875,0.0974247968779178,-1.4496442269270786,-0.10493701709087,0.4949487831726453,-0.3119103220751362,1.3996440324125836,0.207026812626701,0.041863047992976,0.1562168073526726
-1.3458279272100495,0,-0.1500005937677701,0,-0.0642775323814536,0,-0.008409908683631,0.6934156910698407,1.0061710221914049,-0.0016890967512681,-0.3179763098324828,1,0,0,0.5604032962053177,-0.070159921443868,-0.0735220720873049,-0.2494717179110404,-0.8892773779643806,1.0,1.0,0.0,0.0,0.0,1.0,0.0,0.0,1.0,1.0,0.0,0.0,0.0,0.0,0.0,1.0,0.0,0.0,0.0,0.0,0.0,0.0,0.0,0.0,0.0,0.0,0.0,0.0,0.0,0.0,0.7865551292879382,-0.4228687958224076,1.0496638878802216,1.0981749313239746,0.3483378851882212,0.4741365797414765,0.3251564097313165,-0.4193643951262656,1.0457813542787533,0.7611391296357718,0.2009896446142883,0.2710040951993065,-0.3119103220751362,0.4780669313191786,0.207026812626701,0.9871890253972286,1.661844782717987
-1.339387802708769,1,0.0017627745443115,0,-0.0642775323814536,0,-1.8888976698022144,1.3387512172445502,-0.0305666259442303,-0.5816914546167173,-0.3179763098324828,1,0,0,-0.0092016996137344,-0.0006581853192797,0.0051172634028046,-0.0064638430325724,-0.0368405147397503,1.0,1.0,0.0,1.0,0.0,0.0,1.0,1.0,0.0,0.0,0.0,1.0,1.0,0.0,0.0,0.0,0.0,0.0,0.0,0.0,0.0,0.0,0.0,0.0,0.0,0.0,0.0,0.0,1.0,0.0,0.7865551292879382,2.3718581219580828,0.4057616766186918,0.2632550191946163,0.3483378851882212,0.4911944069378114,0.3251564097313165,2.697550949697448,0.0551813145467454,0.7025078234750888,0.5714313996325581,0.2046924207040189,0.7064594335544466,-1.6795710553981718,0.207026812626701,0.5147821959402057,0.5630679411887848
1.7275317894737,1,0.0017627745443115,0,-0.0642775323814536,0,-0.008409908683631,1.102017279816551,-1.6146781729083617,-0.5816914546167173,-0.3179763098324828,1,0,0,-0.0434324495616297,-0.070159921443868,-0.0735220720873049,-0.2494717179110404,1.2508790071547249,1.0,1.0,0.0,1.0,0.0,1.0,0.0,1.0,0.0,0.0,1.0,0.0,1.0,0.0,1.0,0.0,0.0,0.0,0.0,0.0,0.0,0.0,0.0,0.0,0.0,0.0,0.0,0.0,0.0,1.0,-1.273255201886027,-0.4228687958224076,0.2377807982702802,-0.7401843033500712,-0.2240155811595648,0.813507750121155,-1.4494861202074878,-0.4193643951262656,-0.8521446611443975,-1.4496442269270786,0.0576116010149271,-1.1325254433743743,-0.3119103220751362,-1.059136366851988,-1.9427586241065409,0.0485085743216882,0.5256388772582073
0.643226900065451,1,0.0017627745443115,0,1.918699135449808,0,-0.008409908683631,-2.444181248602164,-1.5994408451316438,-0.0016890967512681,-0.3179763098324828,1,0,0,-0.0434324495616297,-0.070159921443868,-0.0735220720873049,-0.2494717179110404,1.391217130769092,1.0,1.0,0.0,1.0,1.0,0.0,0.0,0.0,0.0,1.0,0.0,0.0,1.0,0.0,0.0,0.0,0.0,0.0,0.0,0.0,0.0,0.0,0.0,0.0,0.0,0.0,0.0,0.0,0.0,0.0,0.7865551292879382,-0.4228687958224076,-1.3230135843964352,-1.028835330273896,0.3483378851882212,-1.8482867081608272,0.3251564097313165,-0.4193643951262656,-0.6748568323144772,-1.4496442269270786,-1.136358073602358,-1.00436079340468,-0.3119103220751362,0.6894237423385753,0.207026812626701,-0.1621841422910511,-1.524842265285149
-0.2060523581850279,1,0.0017627745443115,0,1.918699135449808,0,-0.3295457485626081,-0.4171620115283692,-1.0636832222280626,-0.5816914546167173,1.942100703974399,1,0,0,0.5604032962053177,-0.070159921443868,-0.0735220720873049,-0.2494717179110404,-1.029615501578748,1.0,1.0,0.0,1.0,0.0,0.0,1.0,0.0,1.0,0.0,0.0,1.0,1.0,0.0,0.0,1.0,0.0,0.0,0.0,0.0,0.0,0.0,1.0,0.0,0.0,0.0,0.0,0.0,0.0,1.0,0.7865551292879382,-0.834857982201714,1.6925813803573295,-0.4068384444156221,0.3483378851882212,1.99117261943394,0.3251564097313165,1.6088692496744177,-0.6051291613086884,0.562008602647753,0.3292456758634065,0.7615564706470795,4.434075399951117,0.3900895893674069,0.207026812626701,0.1139131319033792,1.1210702782817623
-1.006262148181035,1,0.0017627745443115,0,-0.0642775323814536,1,-0.008409908683631,0.1648756132809495,-1.746623275451266,-0.0016890967512681,-0.3179763098324828,1,0,0,-0.647268195328577,-0.070159921443868,-0.0735220720873049,-0.2494717179110404,0.198343080046968,1.0,1.0,0.0,1.0,0.0,0.0,1.0,0.0,1.0,0.0,1.0,0.0,1.0,0.0,0.0,0.0,1.0,0.0,0.0,0.0,0.0,0.0,1.0,0.0,0.0,0.0,0.0,0.0,0.0,0.0,0.7865551292879382,-0.4228687958224076,1.021784614781019,-0.0998039999998409,0.3483378851882212,0.8830950416062657,0.3251564097313165,-0.4193643951262656,-0.9354187251836756,0.865585103627439,2.3005374225620616,-1.482013204674312,-0.3119103220751362,-1.7061294048974538,0.207026812626701,-1.928948092492924,1.142304811804982
1.552558860047662,0,0.0017627745443115,0,-0.0642775323814536,0,1.1222978452525336,0.5580426177990576,0.7172993171871559,-1.7985087459561455,-0.3179763098324828,1,0,0,0.5604032962053177,-0.070159921443868,-0.0735220720873049,-0.2494717179110404,-0.0368405147397503,1.0,1.0,0.0,1.0,0.0,0.0,0.0,0.0,1.0,0.0,1.0,0.0,1.0,0.0,0.0,0.0,1.0,0.0,0.0,0.0,0.0,0.0,1.0,0.0,0.0,0.0,0.0,0.0,0.0,0.0,0.8385123299070688,-0.4228687958224076,0.4057616766186918,-0.6975701155573747,0.3483378851882212,0.4911944069378114,0.3251564097313165,2.697550949697448,0.1913923106366497,0.7025078234750888,0.5714313996325581,0.0457959605279513,0.7064594335544466,-0.2706743819145519,0.207026812626701,0.4068663265222879,0.5630679411887848
0.9094900535398568,1,0.0017627745443115,0,-0.0642775323814536,0,-0.008409908683631,-1.399436049079229,-1.6222538126350536,-0.0016890967512681,-0.3179763098324828,1,0,0,-0.0434324495616297,-0.070159921443868,-0.0735220720873049,-0.2494717179110404,-0.4331784762176859,1.0,0.0,1.0,1.0,0.0,0.0,1.0,1.0,0.0,0.0,1.0,0.0,0.0,0.0,0.0,1.0,0.0,0.0,0.0,0.0,0.0,0.0,0.0,0.0,0.0,0.0,0.0,0.0,0.0,0.0,-1.273255201886027,-0.4228687958224076,0.9642009094871749,-0.4891524172387084,0.3483378851882212,1.708455662252128,0.3251564097313165,1.7833645003987988,-0.9354187251836756,0.5855594631228396,-0.3985051268759407,-2.9749656387552705,4.842387317378504,1.1501019112924509,0.207026812626701,0.0549878668850608,1.285173392993712
0.0471262523071681,1,0.0017627745443115,0,-0.0642775323814536,0,-0.008409908683631,-0.7363370706856406,-1.5056249056072302,-0.0016890967512681,1.942100703974399,1,0,0,1.164239041972265,-0.070159921443868,-0.0735220720873049,-0.2494717179110404,0.2334276109505599,1.0,1.0,0.0,1.0,0.0,0.0,0.0,1.0,0.0,1.0,0.0,0.0,1.0,0.0,0.0,1.0,0.0,0.0,0.0,0.0,0.0,0.0,1.0,0.0,0.0,0.0,0.0,0.0,0.0,0.0,-1.273255201886027,-0.4228687958224076,1.3228980099472696,0.3342573115320928,0.3483378851882212,0.9481896055657516,0.3251564097313165,0.3652639770967589,-0.0953929558591985,-1.4496442269270786,0.3886382557675724,-0.4169331046271947,1.5240887311962246,-0.7724775572484043,0.207026812626701,-0.1775242687055571,0.9767093815135808
1.4388546679464984,1,0.0017627745443115,0,1.918699135449808,1,-0.008409908683631,-2.6957800257195004,-0.0305666259442303,-0.0016890967512681,-0.3179763098324828,1,0,0,-0.0092016996137344,-0.0006581853192797,0.0051172634028046,-0.0064638430325724,1.2859635380583163,1.0,0.0,1.0,1.0,0.0,0.0,1.0,0.0,1.0,1.0,0.0,0.0,0.0,0.0,0.0,0.0,0.0,0.0,0.0,0.0,0.0,0.0,1.0,0.0,0.0,0.0,0.0,0.0,0.0,0.0,0.7865551292879382,2.3718581219580828,-0.6800961449728701,-0.7297010209220541,0.3483378851882212,0.4741365797414765,0.3251564097313165,-0.4193643951262656,-0.9354187251836756,-1.4496442269270786,-0.2925856234135737,0.2046924207040189,-0.3119103220751362,-0.8944637091876096,0.207026812626701,0.5147821959402057,-0.729014156930992
-1.4693479586190568,1,0.0017627745443115,0,-0.0642775323814536,0,-1.4105144831201657,0.3954164532700134,-1.994376102638216,-0.5816914546167173,-0.3179763098324828,1,0,0,2.37191053350616,-0.070159921443868,-0.0735220720873049,-0.2494717179110404,-0.5384320689284616,1.0,1.0,0.0,1.0,0.0,0.0,1.0,0.0,1.0,0.0,1.0,0.0,1.0,0.0,0.0,0.0,1.0,0.0,0.0,0.0,0.0,0.0,0.0,0.0,0.0,0.0,0.0,0.0,1.0,0.0,0.7726050193817331,-0.4228687958224076,0.8082306636065782,0.4132184928814213,0.3483378851882212,1.7182958932726486,0.3251564097313165,0.3652639770967589,-0.0639821581534661,0.4306227447949013,0.0576116010149271,0.2797446810509011,1.5240887311962246,-0.6559451147729491,0.207026812626701,1.16488330374357,0.4209494752097143
-0.4971712791832592,1,0.1360510158385981,0,-0.0642775323814536,1,-0.008409908683631,0.0794461862022208,-1.9456663930364015,-0.0016890967512681,1.942100703974399,1,0,0,2.37191053350616,-0.070159921443868,2.2275059287593897,-0.2494717179110404,0.9702027599259896,1.0,0.0,1.0,0.0,0.0,0.0,1.0,0.0,1.0,0.0,1.0,0.0,1.0,0.0,1.0,0.0,0.0,0.0,0.0,0.0,0.0,0.0,1.0,0.0,0.0,0.0,0.0,0.0,0.0,0.0,0.7865551292879382,-0.4228687958224076,0.7049926998784923,-0.1979842750971832,-0.4355069043641943,1.206328018480099,0.4270303785935182,-0.4193643951262656,0.0263089433784026,0.981948029264974,0.3886382557675724,-2.1090146169452977,-0.3119103220751362,-2.043116301712465,-2.913920231377634,-0.2141687598061781,0.7902289917656654
-0.1763713614276143,1,0.0017627745443115,0,-0.0642775323814536,1,-0.820746591142137,0.6729138736727297,-1.1735745451304225,-0.0016890967512681,-0.3179763098324828,1,0,0,4.183417770807002,-0.070159921443868,2.2275059287593897,-0.2494717179110404,-0.0472486362781751,1.0,1.0,0.0,1.0,0.0,0.0,0.0,1.0,0.0,0.0,1.0,0.0,1.0,0.0,0.0,0.0,0.0,0.0,0.0,0.0,0.0,0.0,0.0,0.0,0.0,0.0,0.0,0.0,0.0,0.0,-1.273255201886027,-0.4228687958224076,0.7403072340861849,1.565640387793628,0.3483378851882212,0.3678683130124435,0.3251564097313165,-0.4193643951262656,1.0457813542787533,0.4238143067277799,0.5511868774963049,0.2479024805907085,-0.3119103220751362,0.3706254387517014,0.207026812626701,1.4138961475060152,1.1641356798479543
0.7725255326130698,1,0.0017627745443115,0,-0.0642775323814536,0,-0.0088929201881986,1.277777384651426,0.4604666321678112,-0.1767346600589553,-0.3179763098324828,0,0,1,1.164239041972265,-0.070159921443868,-0.0735220720873049,-0.2494717179110404,-0.0368405147397503,1.0,1.0,0.0,1.0,0.0,0.0,0.0,1.0,0.0,0.0,1.0,0.0,1.0,0.0,0.0,0.0,0.0,0.0,1.0,0.0,0.0,0.0,0.0,0.0,0.0,0.0,0.0,0.0,1.0,0.0,1.4604747101975186,-0.4228687958224076,0.4057616766186918,0.0915048611671441,0.3483378851882212,0.4911944069378114,0.3251564097313165,2.697550949697448,0.0551813145467454,0.7025078234750888,0.5714313996325581,1.6229879667488387,0.7064594335544466,-0.6644769198102883,0.207026812626701,1.677819398225105,0.5630679411887848
0.5615579496300241,1,0.0017627745443115,0,1.918699135449808,1,-0.008409908683631,-1.3724225010430122,-0.0305666259442303,-0.0016890967512681,1.942100703974399,0,0,0,-0.0092016996137344,-0.0006581853192797,0.0051172634028046,-0.0064638430325724,1.461386192576276,1.0,1.0,0.0,1.0,1.0,0.0,0.0,0.0,1.0,0.0,0.0,0.0,1.0,0.0,0.0,0.0,0.0,0.0,0.0,0.0,0.0,0.0,0.0,0.0,0.0,0.0,0.0,0.0,0.0,0.0,0.7865551292879382,2.3718581219580828,-1.1670433532293534,0.1282608963782026,0.3483378851882212,-1.1491676743814323,0.3251564097313165,1.9345191650725864,0.5960176026747344,-1.4496442269270786,-0.6427828393885583,0.2046924207040189,5.196083195660792,0.8006414207122908,0.207026812626701,0.5147821959402057,-1.4721787647339968
-1.1334011015152332,1,-0.4360522033741383,0,-0.0642775323814536,0,1.7155885081873634,0.0591096576116512,0.5006888223507775,-0.0016890967512681,-0.3179763098324828,1,0,0,-1.2511039410955245,-0.070159921443868,-0.0735220720873049,-0.2494717179110404,1.145625414443949,1.0,0.0,1.0,0.0,1.0,0.0,0.0,0.0,1.0,0.0,1.0,0.0,1.0,0.0,0.0,0.0,0.0,0.0,0.0,0.0,0.0,0.0,0.0,0.0,0.0,0.0,0.0,0.0,0.0,0.0,0.7865551292879382,-0.4228687958224076,-0.4905996477000771,0.4681253095152277,0.3483378851882212,-0.7402092349303226,0.3251564097313165,-0.4193643951262656,1.067059173104991,0.356571631033835,-0.3985051268759407,-0.7075180294647648,-0.3119103220751362,1.1441675932023383,0.207026812626701,-1.711871949378266,-1.5172343381313418
-0.2741308948314982,1,-0.5790780081773225,0,-0.0642775323814536,1,-0.008409908683631,0.591476827312621,-0.9980728052119128,-0.0016890967512681,-0.3179763098324828,0,0,1,1.164239041972265,-0.070159921443868,-0.0735220720873049,-0.2494717179110404,1.391217130769092,1.0,0.0,1.0,0.0,0.0,0.0,1.0,0.0,1.0,0.0,1.0,0.0,1.0,0.0,0.0,0.0,0.0,0.0,0.0,0.0,0.0,0.0,1.0,0.0,0.0,0.0,0.0,0.0,0.0,0.0,-1.273255201886027,-0.4228687958224076,-1.3230135843964352,-0.217376756246437,0.3483378851882212,-1.3330600393368148,0.3251564097313165,-0.4193643951262656,0.0694016683401864,-1.4496442269270786,-0.9487094817713948,-0.5161822138497383,-0.3119103220751362,-1.05882819282619,0.207026812626701,-0.1237085236849375,-1.7818186527011295
-0.4816546650147653,1,-0.4360522033741383,0,-2.0472542002127154,0,-0.008409908683631,0.6092583588173123,-0.0305666259442303,1.0400826312804727,-0.3179763098324828,0,0,1,-0.647268195328577,-0.070159921443868,-0.0735220720873049,-0.2494717179110404,0.8649491672152139,1.0,0.0,1.0,0.0,1.0,0.0,0.0,1.0,0.0,1.0,0.0,0.0,1.0,0.0,0.0,0.0,0.0,0.0,0.0,0.0,0.0,0.0,0.0,0.0,0.0,0.0,1.0,0.0,1.0,0.0,0.7865551292879382,-0.4228687958224076,-0.1775697252405658,1.25865428340464,0.3483378851882212,-0.7402092349303226,0.3251564097313165,-0.4193643951262656,1.8455471721474503,-1.4496442269270786,0.2009896446142883,-2.4213510520345,-0.3119103220751362,0.1765714238714491,0.207026812626701,-2.0917470175338413,-0.7027935074655703
-0.003217621248917,1,-1.151181227390059,1,-2.0472542002127154,0,1.0445496955894584,-1.1277924145099796,-1.746623275451266,-0.9876217030075504,-0.3179763098324828,1,0,0,-0.0434324495616297,-0.070159921443868,-0.0735220720873049,-0.2494717179110404,0.6193574508900707,1.0,1.0,0.0,0.0,0.0,0.0,0.0,0.0,1.0,0.0,1.0,0.0,1.0,0.0,0.0,0.0,0.0,0.0,0.0,0.0,0.0,0.0,0.0,0.0,0.0,0.0,0.0,0.0,0.0,0.0,-1.273255201886027,-0.4228687958224076,-0.109646297462563,0.9170345867800548,0.3483378851882212,-0.2249825212789544,0.3251564097313165,-0.4193643951262656,1.404149105493373,0.7353522180576749,-0.2925856234135737,0.2147262985731567,-0.3119103220751362,-0.5768469294501647,0.207026812626701,1.0447010238010748,-0.4596647102100394
0.1520652598529632,0,0.2790768206417822,0,-0.0642775323814536,0,0.2594884693773676,0.8794400550210693,1.103247689331314,-0.0016890967512681,-0.3179763098324828,1,0,0,-1.2511039410955245,-0.070159921443868,-0.0735220720873049,-0.2494717179110404,-0.4331784762176859,1.0,0.0,1.0,0.0,0.0,0.0,1.0,0.0,1.0,0.0,1.0,0.0,1.0,0.0,0.0,1.0,0.0,0.0,1.0,0.0,0.0,0.0,0.0,0.0,0.0,0.0,0.0,0.0,0.0,0.0,-1.273255201886027,-0.4228687958224076,-1.0275232254262934,0.4052418488866606,0.3483378851882212,-1.1491676743814323,0.3251564097313165,-0.4193643951262656,-0.2637206690392434,0.070870825720634,-0.5145268149022528,1.3044621702347337,-0.3119103220751362,0.6946751926934841,0.207026812626701,-1.6353801343687009,-2.093499650442416
-1.4740175352967226,1,0.0017627745443115,0,-0.0642775323814536,0,-0.008409908683631,1.1675129531092885,-1.5294609982427791,-0.1767346600589553,-0.3179763098324828,1,0,0,1.164239041972265,-0.070159921443868,-0.0735220720873049,-0.2494717179110404,1.53155525438346,1.0,1.0,0.0,1.0,0.0,0.0,1.0,0.0,1.0,0.0,0.0,0.0,1.0,0.0,0.0,1.0,0.0,0.0,0.0,0.0,0.0,0.0,0.0,0.0,0.0,0.0,0.0,0.0,0.0,1.0,-1.273255201886027,-0.4228687958224076,-1.4998380458340024,0.0667086464030045,0.3483378851882212,-1.1491676743814323,0.3251564097313165,-0.4193643951262656,-0.2637206690392434,-1.4496442269270786,-0.9487094817713948,0.6120714476559359,-0.3119103220751362,0.5769095092141368,0.207026812626701,0.4994735229479353,-1.3105478164375848
-0.3923392827696605,1,-0.8651296177836907,0,-2.0472542002127154,0,-0.008409908683631,1.3079970686051796,-0.0873161691887378,2.256899922619901,-0.3179763098324828,1,0,0,1.7680747877392125,-0.070159921443868,-0.0735220720873049,-0.2494717179110404,-1.5558834651326263,1.0,1.0,0.0,0.0,1.0,0.0,0.0,0.0,1.0,0.0,1.0,0.0,0.0,0.0,0.0,0.0,0.0,0.0,0.0,0.0,0.0,0.0,0.0,0.0,0.0,0.0,0.0,0.0,1.0,0.0,0.7865551292879382,-0.4228687958224076,-1.7039669015285408,0.9300298095900492,0.5090280435362237,-1.1491676743814323,0.9430267734247524,-0.4193643951262656,1.0529092182556523,-1.4496442269270786,2.579381638696547,-1.0924956351183954,-0.3119103220751362,1.2549266514305804,1.5283709250481674,0.2334827538427839,0.6058084648878811
1.1380366470573653,0,0.0017627745443115,1,-0.0642775323814536,0,1.3444501341602948,1.1306106120412711,-0.0305666259442303,-0.9876217030075504,1.942100703974399,1,0,0,-0.0092016996137344,-0.0006581853192797,0.0051172634028046,-0.0064638430325724,-1.5558834651326263,1.0,1.0,0.0,1.0,0.0,0.0,0.0,1.0,0.0,0.0,0.0,0.0,1.0,0.0,0.0,0.0,0.0,0.0,0.0,0.0,0.0,0.0,0.0,0.0,0.0,0.0,0.0,0.0,0.0,1.0,0.7865551292879382,2.3718581219580828,0.5127402798073786,0.0377645865894666,0.3483378851882212,-0.2945698111630873,0.3251564097313165,-0.4193643951262656,0.2424382284981,0.4787058246461383,0.1314103412742304,0.2046924207040189,-0.3119103220751362,-1.0425333933628635,0.207026812626701,0.5147821959402057,-0.6387071218983398
0.930357224318176,1,-0.006974788964586,1,-0.0642775323814536,0,-0.008409908683631,0.9490492822451284,-0.4104737990176945,-1.7985087459561455,-0.3179763098324828,0,0,1,-1.2511039410955245,-0.070159921443868,-0.0735220720873049,-0.2494717179110404,1.426301661672684,1.0,0.0,1.0,0.0,0.0,0.0,0.0,0.0,1.0,0.0,1.0,0.0,1.0,0.0,0.0,0.0,0.0,0.0,1.0,0.0,0.0,0.0,0.0,0.0,0.0,0.0,0.0,0.0,0.0,0.0,0.7865551292879382,-0.4228687958224076,-0.6800961449728701,-2.45435734996331,-2.81009376674429,0.2490704982414735,-1.238111967309609,-0.4193643951262656,-2.175193077489245,-1.4496442269270786,-0.5145268149022528,0.898304722197862,-0.3119103220751362,0.4383857870239119,-2.7451097319376845,-2.7038388022093733,0.5512078212573202
-0.9040665169333684,1,0.0017627745443115,0,-0.0642775323814536,0,-0.008409908683631,-0.9735573406986154,0.1215958176099252,-0.5816914546167173,-0.3179763098324828,1,0,0,-0.0434324495616297,-0.070159921443868,-0.0735220720873049,-0.2494717179110404,-0.6086011307356454,1.0,1.0,0.0,1.0,0.0,0.0,1.0,0.0,1.0,0.0,1.0,0.0,1.0,0.0,0.0,0.0,0.0,0.0,0.0,0.0,0.0,0.0,0.0,0.0,0.0,0.0,0.0,0.0,0.0,1.0,1.0037800851459455,-0.4228687958224076,0.8409290299835093,-0.5589467839913355,0.4983525740018478,0.813507750121155,-0.4088185440346006,1.9345191650725864,0.0694016683401864,0.5483098830273009,0.2668060196398529,0.748115538892437,-0.3119103220751362,0.8712208544230162,0.12567928222351,0.391488844363654,0.5240994085947303
0.2992542080468893,1,0.2790768206417822,1,-0.0642775323814536,0,-0.008409908683631,-1.0345963131798306,-0.9980728052119128,-0.0016890967512681,-0.3179763098324828,1,0,0,-1.2511039410955245,-0.070159921443868,-0.0735220720873049,-0.2494717179110404,1.426301661672684,1.0,1.0,0.0,0.0,0.0,0.0,1.0,0.0,1.0,0.0,1.0,0.0,1.0,0.0,0.0,0.0,1.0,0.0,0.0,0.0,0.0,0.0,0.0,0.0,0.0,0.0,0.0,0.0,0.0,0.0,0.7317581191805823,-0.4228687958224076,-1.4998380458340024,-0.0998039999998409,0.3483378851882212,-1.8482867081608272,0.3251564097313165,-0.4193643951262656,-0.9354187251836756,-1.4496442269270786,-1.136358073602358,-0.9227767519922528,-0.3119103220751362,0.1057491986019338,0.207026812626701,-0.8699510282460263,-0.4709331181717681
0.049110822395176,0,0.0017627745443115,0,-0.0642775323814536,0,-0.008409908683631,-2.1071425806881106,-1.0729677977017815,-0.0016890967512681,6.462254731588162,1,0,0,0.5604032962053177,-0.070159921443868,-0.0735220720873049,-0.2494717179110404,-1.0997845633859318,1.0,1.0,0.0,1.0,0.0,0.0,0.0,0.0,1.0,0.0,1.0,0.0,1.0,0.0,0.0,0.0,0.0,0.0,0.0,0.0,0.0,0.0,0.0,0.0,0.0,0.0,0.0,0.0,0.0,0.0,-1.273255201886027,-0.4228687958224076,2.098758683925418,-0.1772319213445556,0.3457827428298557,2.3774646108304838,-1.4494861202074878,-0.4193643951262656,-0.2459672262651018,0.6519774891825193,2.1048271420953,-1.1109308154371973,-0.3119103220751362,0.8039134484194381,1.2093234062661058,0.5279566959913257,1.8363238622020048
-0.4374979805565875,1,0.0017627745443115,1,1.918699135449808,0,-0.008409908683631,0.8837201875530994,-1.0636832222280626,-0.9876217030075504,-0.3179763098324828,1,0,0,-0.647268195328577,-0.070159921443868,-0.0735220720873049,-0.2494717179110404,-1.1348690942895236,1.0,1.0,0.0,1.0,0.0,0.0,1.0,0.0,1.0,0.0,1.0,0.0,1.0,0.0,0.0,0.0,0.0,0.0,0.0,0.0,0.0,0.0,0.0,0.0,0.0,0.0,0.0,0.0,0.0,1.0,0.7865551292879382,-0.4228687958224076,0.2877571647218566,-0.5728379967703617,-2.81009376674429,0.8830950416062657,-2.762662831008161,-0.4193643951262656,0.0694016683401864,0.435924015444286,-0.5145268149022528,-2.44995378136114,-0.3119103220751362,-0.4230106466256476,0.7393163072644742,-1.3323194269215108,0.4435651207041665
-1.0438911535752255,0,0.0017627745443115,1,-0.0642775323814536,0,0.5223752897058185,0.2465434914119395,-0.0305666259442303,-0.0016890967512681,-0.3179763098324828,1,0,0,-1.2511039410955245,-0.070159921443868,-0.0735220720873049,-0.2494717179110404,0.5842729199864788,1.0,1.0,0.0,1.0,0.0,0.0,1.0,1.0,0.0,0.0,0.0,1.0,0.0,0.0,0.0,0.0,1.0,1.0,0.0,0.0,0.0,0.0,1.0,0.0,0.0,0.0,0.0,0.0,0.0,0.0,-1.273255201886027,-0.4228687958224076,0.2877571647218566,0.0670505435842667,0.3483378851882212,-0.2945698111630873,0.3251564097313165,-0.4193643951262656,-0.8793670797359296,-1.4496442269270786,-0.3985051268759407,1.8502075644109068,-0.3119103220751362,-0.8448136359050603,0.207026812626701,-3.035039086415969,0.1273130738859157
-1.399459961009991,1,0.8511800398545187,0,-0.0642775323814536,0,-0.008409908683631,0.2842807578125513,-2.102868636095462,-0.5816914546167173,-0.3179763098324828,1,0,0,1.7680747877392125,-0.070159921443868,-0.0735220720873049,-0.2494717179110404,1.180709945347541,1.0,0.0,1.0,0.0,0.0,0.0,1.0,0.0,1.0,0.0,1.0,0.0,1.0,0.0,0.0,0.0,0.0,0.0,0.0,0.0,0.0,0.0,0.0,0.0,0.0,0.0,0.0,0.0,1.0,0.0,-1.273255201886027,-0.7392427640477348,-1.1670433532293534,-0.9649533478404638,0.3483378851882212,-1.1491676743814323,0.3251564097313165,-0.4193643951262656,-0.0181236643716035,-1.4496442269270786,-0.7861608745344038,-1.2222471599980171,-0.3119103220751362,-0.1739331300471803,0.207026812626701,0.2909264482339421,-0.2126816374507496
0.9838336055621952,1,0.0017627745443115,0,-0.0642775323814536,0,-0.008409908683631,-0.4339224343262807,-0.0305666259442303,-0.0016890967512681,1.942100703974399,1,0,0,-0.0092016996137344,-0.0006581853192797,0.0051172634028046,-0.0064638430325724,0.7596955745044383,1.0,1.0,0.0,1.0,1.0,0.0,0.0,0.0,1.0,0.0,0.0,1.0,1.0,0.0,0.0,0.0,0.0,0.0,0.0,0.0,0.0,0.0,0.0,0.0,0.0,0.0,0.0,0.0,0.0,0.0,0.7865551292879382,2.3718581219580828,-0.0450375559085359,0.1996811389247816,0.3483378851882212,1.357148069531824,0.3251564097313165,-0.4193643951262656,0.0551813145467454,-1.4496442269270786,2.3005374225620616,0.2046924207040189,-0.3119103220751362,0.7783839490973978,0.207026812626701,0.5147821959402057,0.5722915644786023
0.6779763331750812,1,0.0017627745443115,0,-0.0642775323814536,0,-1.8959435162625111,0.0866983690368875,0.6688187464133131,-0.0016890967512681,1.942100703974399,1,0,0,-0.647268195328577,-0.070159921443868,-0.0735220720873049,-0.2494717179110404,0.6193574508900707,1.0,1.0,0.0,1.0,0.0,0.0,1.0,0.0,1.0,1.0,0.0,0.0,1.0,0.0,0.0,0.0,0.0,0.0,1.0,0.0,0.0,0.0,0.0,0.0,0.0,0.0,0.0,0.0,0.0,0.0,0.7865551292879382,-0.4228687958224076,0.0754287763154507,-1.0697382629471972,0.3483378851882212,-0.4500485985763918,0.3251564097313165,-0.4193643951262656,-1.5732226923536683,-1.4496442269270786,0.4452673694229289,0.7750660492322521,-0.3119103220751362,-0.4944916697949051,0.207026812626701,-0.5119667930173459,-0.1206285449939136
